frame_id,strength,ssim
001-001_15173,0.0,1.0
001-001_15173,0.5,0.9877740212154662
001-001_15173,1.0,0.9672111291152848
001-001_15173,1.5,0.935862604255306
001-001_15173,2.0,0.8910940781514782
001-001_15385,0.0,1.0
001-001_15385,0.5,0.976409462802538
001-001_15385,1.0,0.9512892906532018
001-001_15385,1.5,0.9459309045322215
001-001_15385,2.0,0.9324268024528649
001-001_15818,0.0,1.0
001-001_15818,0.5,0.985967983297167
001-001_15818,1.0,0.9501099182095654
001-001_15818,1.5,0.944161253742576
001-001_15818,2.0,0.9342533151382226
001-001_16175,0.0,1.0
001-001_16175,0.5,0.9462091215095065
001-001_16175,1.0,0.9755058559712785
001-001_16175,1.5,0.9518724833369661
001-001_16175,2.0,0.9047883401396998
001-001_16186,0.0,1.0
001-001_16186,0.5,0.9631108205594652
001-001_16186,1.0,0.9430519400148577
001-001_16186,1.5,0.9326970166573461
001-001_16186,2.0,0.9106063474019652
001-001_16363,0.0,1.0
001-001_16363,0.5,0.9333600940360215
001-001_16363,1.0,0.8699887238606228
001-001_16363,1.5,0.8664420094064974
001-001_16363,2.0,0.8574129892483147
001-001_16473,0.0,1.0
001-001_16473,0.5,0.9516021253184938
001-001_16473,1.0,0.9369814928576679
001-001_16473,1.5,0.9354757326205052
001-001_16473,2.0,0.9344246632245528
001-001_16649,0.0,1.0
001-001_16649,0.5,0.948187851435377
001-001_16649,1.0,0.9671170050324277
001-001_16649,1.5,0.9701502429892158
001-001_16649,2.0,0.9701388423382586
001-001_16683,0.0,1.0
001-001_16683,0.5,0.9501149672845579
001-001_16683,1.0,0.974589002418636
001-001_16683,1.5,0.973201756819329
001-001_16683,2.0,0.9692317204356117
001-001_16708,0.0,1.0
001-001_16708,0.5,0.9550648195868429
001-001_16708,1.0,0.9768737730754354
001-001_16708,1.5,0.9800552740964232
001-001_16708,2.0,0.9762197514226884
001-001_16773,0.0,1.0
001-001_16773,0.5,0.9167921648360883
001-001_16773,1.0,0.91646815116467
001-001_16773,1.5,0.914407152244002
001-001_16773,2.0,0.910085244031136
001-001_16804,0.0,1.0
001-001_16804,0.5,0.9892566051941235
001-001_16804,1.0,0.962144591789164
001-001_16804,1.5,0.9566221250796048
001-001_16804,2.0,0.9423987998439876
001-001_17436,0.0,1.0
001-001_17436,0.5,0.9466405077153152
001-001_17436,1.0,0.962855092644428
001-001_17436,1.5,0.961379910960439
001-001_17436,2.0,0.9602469544817688
001-001_17444,0.0,1.0
001-001_17444,0.5,0.8494637500213977
001-001_17444,1.0,0.86478646479234
001-001_17444,1.5,0.8151632717775437
001-001_17444,2.0,0.7534270729472368
001-001_17489,0.0,1.0
001-001_17489,0.5,0.9788985225319123
001-001_17489,1.0,0.8988673902055142
001-001_17489,1.5,0.8906061184954179
001-001_17489,2.0,0.8787139565769625
001-001_17562,0.0,1.0
001-001_17562,0.5,0.9902909685046302
001-001_17562,1.0,0.9785868330833238
001-001_17562,1.5,0.9789141106183223
001-001_17562,2.0,0.9788362132963333
001-001_18285,0.0,1.0
001-001_18285,0.5,0.9407966931292792
001-001_18285,1.0,0.9517210870238717
001-001_18285,1.5,0.9468127043442564
001-001_18285,2.0,0.9404734872611689
001-001_18505,0.0,1.0
001-001_18505,0.5,0.9498552345830557
001-001_18505,1.0,0.9208612265309313
001-001_18505,1.5,0.8806968337886963
001-001_18505,2.0,0.8278483793410203
001-001_18733,0.0,1.0
001-001_18733,0.5,0.9701878071575217
001-001_18733,1.0,0.9275236851054268
001-001_18733,1.5,0.928957302615334
001-001_18733,2.0,0.9264615891218752
001-001_18787,0.0,1.0
001-001_18787,0.5,0.9602034172371207
001-001_18787,1.0,0.9783315560856968
001-001_18787,1.5,0.9840627542715418
001-001_18787,2.0,0.9867921663274869
001-001_19064,0.0,1.0
001-001_19064,0.5,0.9294515614891055
001-001_19064,1.0,0.9593141357570678
001-001_19064,1.5,0.9479572509622326
001-001_19064,2.0,0.9324264620553039
001-001_19151,0.0,1.0
001-001_19151,0.5,0.9910557704234975
001-001_19151,1.0,0.9812877425586494
001-001_19151,1.5,0.9530274626283534
001-001_19151,2.0,0.9052486524094887
001-001_19259,0.0,1.0
001-001_19259,0.5,0.9617553399511791
001-001_19259,1.0,0.948371579124778
001-001_19259,1.5,0.921051729266055
001-001_19259,2.0,0.8676911768721443
001-001_19397,0.0,1.0
001-001_19397,0.5,0.9335242487997362
001-001_19397,1.0,0.9362405394177793
001-001_19397,1.5,0.9252623228141842
001-001_19397,2.0,0.9124904528596668
001-001_19422,0.0,1.0
001-001_19422,0.5,0.955955936071824
001-001_19422,1.0,0.9502519240576782
001-001_19422,1.5,0.9464144843574681
001-001_19422,2.0,0.9409719634176192
001-001_19772,0.0,1.0
001-001_19772,0.5,0.9665720202810776
001-001_19772,1.0,0.851886451493055
001-001_19772,1.5,0.7915984927162638
001-001_19772,2.0,0.7465483181040886
001-001_20124,0.0,1.0
001-001_20124,0.5,0.9707526534405646
001-001_20124,1.0,0.8809276404717113
001-001_20124,1.5,0.8716318142462753
001-001_20124,2.0,0.8607644513329924
001-001_20236,0.0,1.0
001-001_20236,0.5,0.9686063326447982
001-001_20236,1.0,0.9501619792825996
001-001_20236,1.5,0.922591345941873
001-001_20236,2.0,0.8863702866123347
001-001_20335,0.0,1.0
001-001_20335,0.5,0.9027491180258641
001-001_20335,1.0,0.949374151387127
001-001_20335,1.5,0.9273299711295975
001-001_20335,2.0,0.9055120066529233
001-001_20398,0.0,1.0
001-001_20398,0.5,0.969268176498818
001-001_20398,1.0,0.9617733093928724
001-001_20398,1.5,0.9523435452268301
001-001_20398,2.0,0.9390471089854093
001-001_20483,0.0,1.0
001-001_20483,0.5,0.913027706231387
001-001_20483,1.0,0.9374249465138781
001-001_20483,1.5,0.9157124666075702
001-001_20483,2.0,0.8931665001607758
001-001_20564,0.0,1.0
001-001_20564,0.5,0.9690265548820297
001-001_20564,1.0,0.9062744295907286
001-001_20564,1.5,0.898835703065547
001-001_20564,2.0,0.8899798003693465
001-001_20613,0.0,1.0
001-001_20613,0.5,0.9226681540837971
001-001_20613,1.0,0.8786141814272398
001-001_20613,1.5,0.853621948283102
001-001_20613,2.0,0.8285758512875088
001-001_20951,0.0,1.0
001-001_20951,0.5,0.9669086571062196
001-001_20951,1.0,0.9130241697891729
001-001_20951,1.5,0.9059866014886352
001-001_20951,2.0,0.8952644868229014
001-001_21021,0.0,1.0
001-001_21021,0.5,0.9867161429333499
001-001_21021,1.0,0.9625208300297662
001-001_21021,1.5,0.9639025716241685
001-001_21021,2.0,0.9633565961995018
001-001_21466,0.0,1.0
001-001_21466,0.5,0.9581310146286223
001-001_21466,1.0,0.9210010784495051
001-001_21466,1.5,0.9130906862852902
001-001_21466,2.0,0.90002319889058
001-001_21689,0.0,1.0
001-001_21689,0.5,0.9543115282342064
001-001_21689,1.0,0.9216415941238488
001-001_21689,1.5,0.9263261361459021
001-001_21689,2.0,0.9349059735259663
001-001_21789,0.0,1.0
001-001_21789,0.5,0.9569903587353045
001-001_21789,1.0,0.9352341070822641
001-001_21789,1.5,0.92510358964464
001-001_21789,2.0,0.9057034738398534
001-001_22045,0.0,1.0
001-001_22045,0.5,0.9141418553628415
001-001_22045,1.0,0.928838447373844
001-001_22045,1.5,0.917649656700603
001-001_22045,2.0,0.9063305306471003
001-001_22268,0.0,1.0
001-001_22268,0.5,0.9794984159613573
001-001_22268,1.0,0.9782674647802829
001-001_22268,1.5,0.9606495601703674
001-001_22268,2.0,0.9357714788064039
001-001_22408,0.0,1.0
001-001_22408,0.5,0.9819196106726097
001-001_22408,1.0,0.9530358184433508
001-001_22408,1.5,0.9377578897469651
001-001_22408,2.0,0.921652978678793
001-001_22494,0.0,1.0
001-001_22494,0.5,0.9740829142361335
001-001_22494,1.0,0.8665367232919337
001-001_22494,1.5,0.827665827840004
001-001_22494,2.0,0.7844679970335295
001-001_22890,0.0,1.0
001-001_22890,0.5,0.9565103273612715
001-001_22890,1.0,0.9731647137790306
001-001_22890,1.5,0.9618039116645903
001-001_22890,2.0,0.9468746764103193
001-001_22963,0.0,1.0
001-001_22963,0.5,0.984096660220843
001-001_22963,1.0,0.9549506985698556
001-001_22963,1.5,0.9482119978618598
001-001_22963,2.0,0.9381003311112341
001-001_22970,0.0,1.0
001-001_22970,0.5,0.9536153250200359
001-001_22970,1.0,0.9478733770930869
001-001_22970,1.5,0.9166013725985157
001-001_22970,2.0,0.872981696380433
001-001_23116,0.0,1.0
001-001_23116,0.5,0.8874276753499828
001-001_23116,1.0,0.9353269401691593
001-001_23116,1.5,0.9020259078542358
001-001_23116,2.0,0.8642451987567689
001-001_23241,0.0,1.0
001-001_23241,0.5,0.9533229144267177
001-001_23241,1.0,0.7984434443944066
001-001_23241,1.5,0.7284147805825416
001-001_23241,2.0,0.6482811684134789
001-001_23423,0.0,1.0
001-001_23423,0.5,0.9456689859290852
001-001_23423,1.0,0.9143431515397754
001-001_23423,1.5,0.8898014352806018
001-001_23423,2.0,0.8635492225508723
001-001_23531,0.0,1.0
001-001_23531,0.5,0.9929812279826649
001-001_23531,1.0,0.9900786036404801
001-001_23531,1.5,0.9846332404708393
001-001_23531,2.0,0.9744988286205819
001-001_23696,0.0,1.0
001-001_23696,0.5,0.9729696293048486
001-001_23696,1.0,0.9816704532196843
001-001_23696,1.5,0.9729772186124213
001-001_23696,2.0,0.9625186851368113
001-001_23880,0.0,1.0
001-001_23880,0.5,0.978958145864995
001-001_23880,1.0,0.93303075779519
001-001_23880,1.5,0.8823253753096518
001-001_23880,2.0,0.8122643175618803
001-001_24051,0.0,1.0
001-001_24051,0.5,0.946574988661661
001-001_24051,1.0,0.981630776967792
001-001_24051,1.5,0.9811404475227012
001-001_24051,2.0,0.9787186397000515
001-001_24144,0.0,1.0
001-001_24144,0.5,0.9679889187367197
001-001_24144,1.0,0.9598577561665805
001-001_24144,1.5,0.9455284453878149
001-001_24144,2.0,0.9282803834001953
001-001_24207,0.0,1.0
001-001_24207,0.5,0.9675436917228494
001-001_24207,1.0,0.9718136914269294
001-001_24207,1.5,0.9763564733885384
001-001_24207,2.0,0.9793458967211616
001-001_24326,0.0,1.0
001-001_24326,0.5,0.9421665278218128
001-001_24326,1.0,0.9183416382459215
001-001_24326,1.5,0.9072381879195979
001-001_24326,2.0,0.8942520598103093
001-001_24453,0.0,1.0
001-001_24453,0.5,0.9732870335436449
001-001_24453,1.0,0.8681684518829159
001-001_24453,1.5,0.848770698370213
001-001_24453,2.0,0.8218115561096468
001-001_24713,0.0,1.0
001-001_24713,0.5,0.9668500474887889
001-001_24713,1.0,0.9716701538318478
001-001_24713,1.5,0.9587020099138843
001-001_24713,2.0,0.9486549645560235
001-001_25016,0.0,1.0
001-001_25016,0.5,0.9909438828274134
001-001_25016,1.0,0.9708544611689579
001-001_25016,1.5,0.9653199861613743
001-001_25016,2.0,0.9576270349690699
001-001_25163,0.0,1.0
001-001_25163,0.5,0.9368110388389643
001-001_25163,1.0,0.9181002404473577
001-001_25163,1.5,0.8872443967144761
001-001_25163,2.0,0.852380156327195
001-001_25180,0.0,1.0
001-001_25180,0.5,0.9804679857697058
001-001_25180,1.0,0.9404345227411895
001-001_25180,1.5,0.9224684616716198
001-001_25180,2.0,0.8992009772303549
001-001_25286,0.0,1.0
001-001_25286,0.5,0.984695583054272
001-001_25286,1.0,0.9576339975559435
001-001_25286,1.5,0.9501728669910755
001-001_25286,2.0,0.9425619797527774
001-001_25399,0.0,1.0
001-001_25399,0.5,0.9252690762035235
001-001_25399,1.0,0.9549034651820919
001-001_25399,1.5,0.9435242825367732
001-001_25399,2.0,0.9324831175011044
001-001_25647,0.0,1.0
001-001_25647,0.5,0.9583886650812998
001-001_25647,1.0,0.9588643377229217
001-001_25647,1.5,0.9563363340702232
001-001_25647,2.0,0.953561446699183
001-001_26102,0.0,1.0
001-001_26102,0.5,0.9823122560317156
001-001_26102,1.0,0.9463625243762293
001-001_26102,1.5,0.9403626321692098
001-001_26102,2.0,0.9336312957849175
001-001_26361,0.0,1.0
001-001_26361,0.5,0.9481920849202388
001-001_26361,1.0,0.9023522154788325
001-001_26361,1.5,0.8817537624757927
001-001_26361,2.0,0.8583250278293036
001-001_26683,0.0,1.0
001-001_26683,0.5,0.9248427810410671
001-001_26683,1.0,0.9028378490053202
001-001_26683,1.5,0.8770465543225159
001-001_26683,2.0,0.84426379854412
001-001_26708,0.0,1.0
001-001_26708,0.5,0.9500381544051304
001-001_26708,1.0,0.9795677702881974
001-001_26708,1.5,0.9741518668265879
001-001_26708,2.0,0.9704087821036598
001-001_26791,0.0,1.0
001-001_26791,0.5,0.9528400427423536
001-001_26791,1.0,0.9787819658125613
001-001_26791,1.5,0.9758961587217867
001-001_26791,2.0,0.9723436285722735
001-001_26946,0.0,1.0
001-001_26946,0.5,0.946180134333822
001-001_26946,1.0,0.9805924457088826
001-001_26946,1.5,0.9680900204672942
001-001_26946,2.0,0.9533689049377557
001-001_27112,0.0,1.0
001-001_27112,0.5,0.983403642189335
001-001_27112,1.0,0.9312297595395753
001-001_27112,1.5,0.9308951121168557
001-001_27112,2.0,0.9277708039945507
001-001_27119,0.0,1.0
001-001_27119,0.5,0.9372358689012712
001-001_27119,1.0,0.965005884624696
001-001_27119,1.5,0.9681469642053978
001-001_27119,2.0,0.9663137532001183
001-001_27538,0.0,1.0
001-001_27538,0.5,0.9305615933010094
001-001_27538,1.0,0.9542502608979945
001-001_27538,1.5,0.9369304903621435
001-001_27538,2.0,0.9173149916077814
001-001_27573,0.0,1.0
001-001_27573,0.5,0.9933170641011019
001-001_27573,1.0,0.9831731346673582
001-001_27573,1.5,0.9665469959705832
001-001_27573,2.0,0.9456951915294469
001-001_27996,0.0,1.0
001-001_27996,0.5,0.928628077867985
001-001_27996,1.0,0.9719099275177532
001-001_27996,1.5,0.9760971292735952
001-001_27996,2.0,0.9733979268631401
001-001_28017,0.0,1.0
001-001_28017,0.5,0.9514077806696173
001-001_28017,1.0,0.9787488219969263
001-001_28017,1.5,0.9811262323040022
001-001_28017,2.0,0.9825162355803773
001-001_28252,0.0,1.0
001-001_28252,0.5,0.9463743602940019
001-001_28252,1.0,0.8963710525002084
001-001_28252,1.5,0.8861772937855085
001-001_28252,2.0,0.8762076464098452
001-001_28314,0.0,1.0
001-001_28314,0.5,0.9753614287332589
001-001_28314,1.0,0.8950220684320428
001-001_28314,1.5,0.8771914234695677
001-001_28314,2.0,0.8582432214772056
001-001_28317,0.0,1.0
001-001_28317,0.5,0.9424996915219467
001-001_28317,1.0,0.8738732309213395
001-001_28317,1.5,0.8703662952195632
001-001_28317,2.0,0.8669354023813481
001-001_28344,0.0,1.0
001-001_28344,0.5,0.8521488606262033
001-001_28344,1.0,0.9350049250366405
001-001_28344,1.5,0.9175243099481581
001-001_28344,2.0,0.9124973089493675
001-001_28429,0.0,1.0
001-001_28429,0.5,0.9123593682064126
001-001_28429,1.0,0.8961097739182844
001-001_28429,1.5,0.8568179931245533
001-001_28429,2.0,0.8096081836601845
001-001_28669,0.0,1.0
001-001_28669,0.5,0.9487994797070693
001-001_28669,1.0,0.9634133742662374
001-001_28669,1.5,0.9635425090748445
001-001_28669,2.0,0.9620377417821457
001-001_28721,0.0,1.0
001-001_28721,0.5,0.9678671897676243
001-001_28721,1.0,0.8989107001484474
001-001_28721,1.5,0.8625703600196639
001-001_28721,2.0,0.8144261320639222
001-001_28751,0.0,1.0
001-001_28751,0.5,0.9582871829130696
001-001_28751,1.0,0.9579044782624688
001-001_28751,1.5,0.9341729680229653
001-001_28751,2.0,0.9019533492229427
001-001_28919,0.0,1.0
001-001_28919,0.5,0.9578552094162481
001-001_28919,1.0,0.9418431709041447
001-001_28919,1.5,0.9314936971938654
001-001_28919,2.0,0.9180119450068014
001-001_28990,0.0,1.0
001-001_28990,0.5,0.9511063432897972
001-001_28990,1.0,0.9629129089425893
001-001_28990,1.5,0.9487109431339538
001-001_28990,2.0,0.9271661567360171
001-001_29089,0.0,1.0
001-001_29089,0.5,0.9746677979501994
001-001_29089,1.0,0.9593409719371675
001-001_29089,1.5,0.9458382290863399
001-001_29089,2.0,0.9266752378526424
001-001_29332,0.0,1.0
001-001_29332,0.5,0.979752669706896
001-001_29332,1.0,0.9432520352017235
001-001_29332,1.5,0.9259797429438028
001-001_29332,2.0,0.9041969319030452
001-001_29369,0.0,1.0
001-001_29369,0.5,0.9858225119203738
001-001_29369,1.0,0.942298561358807
001-001_29369,1.5,0.9257824387962282
001-001_29369,2.0,0.9038771287001603
001-001_29416,0.0,1.0
001-001_29416,0.5,0.9928611986870971
001-001_29416,1.0,0.9806920039928476
001-001_29416,1.5,0.9758939891463834
001-001_29416,2.0,0.9685644689749457
001-001_29740,0.0,1.0
001-001_29740,0.5,0.9620169589189274
001-001_29740,1.0,0.9848503984143743
001-001_29740,1.5,0.9787512676300014
001-001_29740,2.0,0.9694441428096043
001-001_29763,0.0,1.0
001-001_29763,0.5,0.992600173708738
001-001_29763,1.0,0.9791678929615116
001-001_29763,1.5,0.9734784567241362
001-001_29763,2.0,0.9669774234123357
001-001_29881,0.0,1.0
001-001_29881,0.5,0.9554218674615935
001-001_29881,1.0,0.9750070464783679
001-001_29881,1.5,0.9681381103039429
001-001_29881,2.0,0.9597056032203394
001-001_29936,0.0,1.0
001-001_29936,0.5,0.9942767003278021
001-001_29936,1.0,0.986959347974286
001-001_29936,1.5,0.9839985880505627
001-001_29936,2.0,0.9717084229857618
001-001_30033,0.0,1.0
001-001_30033,0.5,0.9811583464121536
001-001_30033,1.0,0.9875941796124356
001-001_30033,1.5,0.9813819697853878
001-001_30033,2.0,0.973243620380946
001-001_30060,0.0,1.0
001-001_30060,0.5,0.9909557447044335
001-001_30060,1.0,0.9774923070669768
001-001_30060,1.5,0.9606814059479428
001-001_30060,2.0,0.938067477299986
001-001_30113,0.0,1.0
001-001_30113,0.5,0.9768120279547445
001-001_30113,1.0,0.9407862899825108
001-001_30113,1.5,0.9014574568006911
001-001_30113,2.0,0.845824086208646
001-001_30162,0.0,1.0
001-001_30162,0.5,0.9752468773158934
001-001_30162,1.0,0.9586397458842845
001-001_30162,1.5,0.9436936767223068
001-001_30162,2.0,0.9248622838172631
001-001_30179,0.0,1.0
001-001_30179,0.5,0.8810041033919803
001-001_30179,1.0,0.9228385013486952
001-001_30179,1.5,0.8989333564868157
001-001_30179,2.0,0.8812511376838866
001-001_30199,0.0,1.0
001-001_30199,0.5,0.9523896780479524
001-001_30199,1.0,0.9621638866179908
001-001_30199,1.5,0.9215113803690089
001-001_30199,2.0,0.8623841413840992
001-001_30203,0.0,1.0
001-001_30203,0.5,0.9925692529838651
001-001_30203,1.0,0.9417181280320686
001-001_30203,1.5,0.9178792648624322
001-001_30203,2.0,0.8902262373953438
002-004_10624,0.0,1.0
002-004_10624,0.5,0.9614030377755692
002-004_10624,1.0,0.9787508010049392
002-004_10624,1.5,0.975449268683322
002-004_10624,2.0,0.9708849554208494
002-004_10836,0.0,1.0
002-004_10836,0.5,0.95406967943522
002-004_10836,1.0,0.954735837612956
002-004_10836,1.5,0.9336880804980761
002-004_10836,2.0,0.9107420853867573
002-004_11146,0.0,1.0
002-004_11146,0.5,0.9677793621264299
002-004_11146,1.0,0.8556713177110009
002-004_11146,1.5,0.8476759503746617
002-004_11146,2.0,0.8383999237220655
002-004_11239,0.0,1.0
002-004_11239,0.5,0.9423095453735455
002-004_11239,1.0,0.9873486187509515
002-004_11239,1.5,0.9858175227943548
002-004_11239,2.0,0.9798466288658224
002-004_11269,0.0,1.0
002-004_11269,0.5,0.9397897490356727
002-004_11269,1.0,0.9195188594691197
002-004_11269,1.5,0.9063717135275277
002-004_11269,2.0,0.8870689434318157
002-004_11626,0.0,1.0
002-004_11626,0.5,0.9818706093122813
002-004_11626,1.0,0.9305885624831176
002-004_11626,1.5,0.9026509525135423
002-004_11626,2.0,0.8677708177297105
002-004_11637,0.0,1.0
002-004_11637,0.5,0.9829725693006945
002-004_11637,1.0,0.9899069896908151
002-004_11637,1.5,0.9847741832855217
002-004_11637,2.0,0.9730078748593746
002-004_11737,0.0,1.0
002-004_11737,0.5,0.9702438130737386
002-004_11737,1.0,0.9302778464982698
002-004_11737,1.5,0.916977893531641
002-004_11737,2.0,0.8967093201364364
002-004_11814,0.0,1.0
002-004_11814,0.5,0.9464137508534572
002-004_11814,1.0,0.8415994616416634
002-004_11814,1.5,0.8396040024306478
002-004_11814,2.0,0.8386554477627988
002-004_11920,0.0,1.0
002-004_11920,0.5,0.940549688238203
002-004_11920,1.0,0.964851807866622
002-004_11920,1.5,0.9426313341774833
002-004_11920,2.0,0.9130090949502542
002-004_11924,0.0,1.0
002-004_11924,0.5,0.9232159424031835
002-004_11924,1.0,0.9167041725536458
002-004_11924,1.5,0.8961284480329829
002-004_11924,2.0,0.8732367726962494
002-004_12077,0.0,1.0
002-004_12077,0.5,0.9603035217752628
002-004_12077,1.0,0.9842295098029358
002-004_12077,1.5,0.9868560762549591
002-004_12077,2.0,0.9855266503236085
002-004_12100,0.0,1.0
002-004_12100,0.5,0.9324534272155762
002-004_12100,1.0,0.9271609945178636
002-004_12100,1.5,0.9196820905928433
002-004_12100,2.0,0.9090197851395473
002-004_12107,0.0,1.0
002-004_12107,0.5,0.8861093796940024
002-004_12107,1.0,0.9521234732793947
002-004_12107,1.5,0.9480775679880082
002-004_12107,2.0,0.9409136751303478
002-004_12134,0.0,1.0
002-004_12134,0.5,0.9761167503629811
002-004_12134,1.0,0.9354079145790042
002-004_12134,1.5,0.9404845188769088
002-004_12134,2.0,0.9345578493579972
002-004_12159,0.0,1.0
002-004_12159,0.5,0.9332257706197881
002-004_12159,1.0,0.9100839695229179
002-004_12159,1.5,0.89411154873868
002-004_12159,2.0,0.8671507262485125
002-004_12224,0.0,1.0
002-004_12224,0.5,0.9855315877440949
002-004_12224,1.0,0.9606488555580402
002-004_12224,1.5,0.9569830405496007
002-004_12224,2.0,0.9568598953746704
002-004_12255,0.0,1.0
002-004_12255,0.5,0.985014806925522
002-004_12255,1.0,0.952189238246241
002-004_12255,1.5,0.9297066600346278
002-004_12255,2.0,0.8862200524239475
002-004_12392,0.0,1.0
002-004_12392,0.5,0.9624070325711077
002-004_12392,1.0,0.9585591665869924
002-004_12392,1.5,0.9411284891349694
002-004_12392,2.0,0.9133761727468231
002-004_12650,0.0,1.0
002-004_12650,0.5,0.9801275503106776
002-004_12650,1.0,0.9180146905312226
002-004_12650,1.5,0.8844475146962092
002-004_12650,2.0,0.8480999368145803
002-004_12739,0.0,1.0
002-004_12739,0.5,0.9596064833340296
002-004_12739,1.0,0.9088071700495425
002-004_12739,1.5,0.8801337162380833
002-004_12739,2.0,0.8455486594227197
002-004_12887,0.0,1.0
002-004_12887,0.5,0.9373897686718783
002-004_12887,1.0,0.9564424200587873
002-004_12887,1.5,0.935727161074576
002-004_12887,2.0,0.9116161977858136
002-004_12895,0.0,1.0
002-004_12895,0.5,0.9819525211336109
002-004_12895,1.0,0.9295150321412695
002-004_12895,1.5,0.9278048147271506
002-004_12895,2.0,0.924505112999399
002-004_12940,0.0,1.0
002-004_12940,0.5,0.9657897057001673
002-004_12940,1.0,0.9634532308213983
002-004_12940,1.5,0.957987874337512
002-004_12940,2.0,0.9463153289692433
002-004_13013,0.0,1.0
002-004_13013,0.5,0.9738504300231416
002-004_13013,1.0,0.9818422189346763
002-004_13013,1.5,0.9846741312104931
002-004_13013,2.0,0.9862786463381022
002-004_13056,0.0,1.0
002-004_13056,0.5,0.9629870434954845
002-004_13056,1.0,0.9882621269264129
002-004_13056,1.5,0.988528071750497
002-004_13056,2.0,0.9739061124424878
002-004_13618,0.0,1.0
002-004_13618,0.5,0.9957497406290208
002-004_13618,1.0,0.9877907474122969
002-004_13618,1.5,0.9867569413629246
002-004_13618,2.0,0.9856623282897393
002-004_13665,0.0,1.0
002-004_13665,0.5,0.9569598320115051
002-004_13665,1.0,0.9860076969938425
002-004_13665,1.5,0.9779474540808859
002-004_13665,2.0,0.9613113148362966
002-004_13708,0.0,1.0
002-004_13708,0.5,0.9892862790838884
002-004_13708,1.0,0.9764419852979952
002-004_13708,1.5,0.9640235561209436
002-004_13708,2.0,0.9275666946299463
002-004_13736,0.0,1.0
002-004_13736,0.5,0.8991677863399745
002-004_13736,1.0,0.9263483957170886
002-004_13736,1.5,0.909238921038196
002-004_13736,2.0,0.8952499571430119
002-004_13935,0.0,1.0
002-004_13935,0.5,0.9666329591759847
002-004_13935,1.0,0.9595924167984328
002-004_13935,1.5,0.9344582158955548
002-004_13935,2.0,0.9006937330133216
002-004_13956,0.0,1.0
002-004_13956,0.5,0.9800640386826349
002-004_13956,1.0,0.9741693267389773
002-004_13956,1.5,0.9764858871200873
002-004_13956,2.0,0.9777443090315463
002-004_14184,0.0,1.0
002-004_14184,0.5,0.9854473280538442
002-004_14184,1.0,0.9073787805451928
002-004_14184,1.5,0.8834730610890484
002-004_14184,2.0,0.8636436263756132
002-004_14238,0.0,1.0
002-004_14238,0.5,0.9875111071367695
002-004_14238,1.0,0.9644668252718888
002-004_14238,1.5,0.9518418492664029
002-004_14238,2.0,0.9324304717043388
002-004_14515,0.0,1.0
002-004_14515,0.5,0.9471307683914869
002-004_14515,1.0,0.9742946419212549
002-004_14515,1.5,0.9687726326083539
002-004_14515,2.0,0.9639918064865997
002-004_14572,0.0,1.0
002-004_14572,0.5,0.9768502447784342
002-004_14572,1.0,0.9596465423960993
002-004_14572,1.5,0.9220416686440175
002-004_14572,2.0,0.8768342344144893
002-004_14602,0.0,1.0
002-004_14602,0.5,0.9886784739384684
002-004_14602,1.0,0.9734764433964259
002-004_14602,1.5,0.9634324931142568
002-004_14602,2.0,0.9520477880033662
002-004_14710,0.0,1.0
002-004_14710,0.5,0.9803371095456094
002-004_14710,1.0,0.9861639364059135
002-004_14710,1.5,0.9802393534219733
002-004_14710,2.0,0.9649792340775198
002-004_14848,0.0,1.0
002-004_14848,0.5,0.9136478222323281
002-004_14848,1.0,0.931877092109831
002-004_14848,1.5,0.9016579966615847
002-004_14848,2.0,0.8833978588144171
002-004_14866,0.0,1.0
002-004_14866,0.5,0.9927255318537641
002-004_14866,1.0,0.98393414576738
002-004_14866,1.5,0.9669283352424409
002-004_14866,2.0,0.9448726210076899
002-004_14873,0.0,1.0
002-004_14873,0.5,0.9394163006490743
002-004_14873,1.0,0.9426004481724412
002-004_14873,1.5,0.9108326037313267
002-004_14873,2.0,0.8658786885919914
002-004_15223,0.0,1.0
002-004_15223,0.5,0.95259142891064
002-004_15223,1.0,0.9646729388472045
002-004_15223,1.5,0.9430247210258608
002-004_15223,2.0,0.9127644755242332
002-004_15318,0.0,1.0
002-004_15318,0.5,0.9613606005046023
002-004_15318,1.0,0.8106435930966326
002-004_15318,1.5,0.7300217428300438
002-004_15318,2.0,0.6528018541112222
002-004_15362,0.0,1.0
002-004_15362,0.5,0.9949653966940349
002-004_15362,1.0,0.9895480814346237
002-004_15362,1.5,0.9833522467131635
002-004_15362,2.0,0.975012155021271
002-004_15375,0.0,1.0
002-004_15375,0.5,0.995075569364561
002-004_15375,1.0,0.9838266657439001
002-004_15375,1.5,0.9770189717866297
002-004_15375,2.0,0.9616135466784334
002-004_15544,0.0,1.0
002-004_15544,0.5,0.9833073487432668
002-004_15544,1.0,0.9409347393206984
002-004_15544,1.5,0.9062212214023246
002-004_15544,2.0,0.859859292958221
002-004_15575,0.0,1.0
002-004_15575,0.5,0.9304532786980568
002-004_15575,1.0,0.9422313522779332
002-004_15575,1.5,0.9047623178730619
002-004_15575,2.0,0.8694801246401895
002-004_15687,0.0,1.0
002-004_15687,0.5,0.9687526761113228
002-004_15687,1.0,0.9311548470246276
002-004_15687,1.5,0.8899298609421337
002-004_15687,2.0,0.839642954475744
002-004_15786,0.0,1.0
002-004_15786,0.5,0.9791976244478511
002-004_15786,1.0,0.9541759549773715
002-004_15786,1.5,0.9216021430515328
002-004_15786,2.0,0.865674474537368
002-004_15800,0.0,1.0
002-004_15800,0.5,0.9945528548676359
002-004_15800,1.0,0.9861492773887169
002-004_15800,1.5,0.9705396492677063
002-004_15800,2.0,0.944906364974138
002-004_15849,0.0,1.0
002-004_15849,0.5,0.980908823719936
002-004_15849,1.0,0.9567747117105904
002-004_15849,1.5,0.9471146764613649
002-004_15849,2.0,0.9352708779207366
002-004_15934,0.0,1.0
002-004_15934,0.5,0.9660759175191647
002-004_15934,1.0,0.9857785924180779
002-004_15934,1.5,0.9839380425442539
002-004_15934,2.0,0.9815262303979504
002-004_16015,0.0,1.0
002-004_16015,0.5,0.9529918690885703
002-004_16015,1.0,0.9634377977643447
002-004_16015,1.5,0.9583921493469976
002-004_16015,2.0,0.9519943387417306
002-004_16057,0.0,1.0
002-004_16057,0.5,0.9747528421245399
002-004_16057,1.0,0.9788343674209524
002-004_16057,1.5,0.9832185496443121
002-004_16057,2.0,0.9854341898459537
002-004_16064,0.0,1.0
002-004_16064,0.5,0.9461440168710987
002-004_16064,1.0,0.9442177798896391
002-004_16064,1.5,0.9151530928811438
002-004_16064,2.0,0.8763088750444218
002-004_16402,0.0,1.0
002-004_16402,0.5,0.9597297404768691
002-004_16402,1.0,0.9820540922668076
002-004_16402,1.5,0.9782342869157322
002-004_16402,2.0,0.9741552485040745
002-004_16472,0.0,1.0
002-004_16472,0.5,0.9774559978108436
002-004_16472,1.0,0.9656670593545181
002-004_16472,1.5,0.9488225261729535
002-004_16472,2.0,0.9266708455556778
002-004_16912,0.0,1.0
002-004_16912,0.5,0.9563639493092505
002-004_16912,1.0,0.9380369026482263
002-004_16912,1.5,0.8886602079871097
002-004_16912,2.0,0.819688103271525
002-004_16917,0.0,1.0
002-004_16917,0.5,0.9785787511563014
002-004_16917,1.0,0.9057524596992789
002-004_16917,1.5,0.8900730472141347
002-004_16917,2.0,0.8736801658556786
002-004_17140,0.0,1.0
002-004_17140,0.5,0.985006185438825
002-004_17140,1.0,0.9322371315656872
002-004_17140,1.5,0.9250538441726884
002-004_17140,2.0,0.916818736808553
002-004_17240,0.0,1.0
002-004_17240,0.5,0.9948605353475827
002-004_17240,1.0,0.9897479567548089
002-004_17240,1.5,0.9801669598101297
002-004_17240,2.0,0.9681881697974264
002-004_17496,0.0,1.0
002-004_17496,0.5,0.9839725821369433
002-004_17496,1.0,0.9864986271480924
002-004_17496,1.5,0.9846690623088108
002-004_17496,2.0,0.9779958592905407
002-004_17719,0.0,1.0
002-004_17719,0.5,0.9919398827567331
002-004_17719,1.0,0.9823785310037274
002-004_17719,1.5,0.9693544570758016
002-004_17719,2.0,0.9508148833647401
002-004_17859,0.0,1.0
002-004_17859,0.5,0.9559273899161989
002-004_17859,1.0,0.9267642830252545
002-004_17859,1.5,0.8745200154534686
002-004_17859,2.0,0.8423672852185987
002-004_17896,0.0,1.0
002-004_17896,0.5,0.9792758675855129
002-004_17896,1.0,0.9845053281767694
002-004_17896,1.5,0.975531329856167
002-004_17896,2.0,0.9638690621812542
002-004_17945,0.0,1.0
002-004_17945,0.5,0.9660410762659355
002-004_17945,1.0,0.9902637254018447
002-004_17945,1.5,0.9867716953414353
002-004_17945,2.0,0.976642953364373
002-004_18341,0.0,1.0
002-004_18341,0.5,0.9411130659595562
002-004_18341,1.0,0.9525000262693871
002-004_18341,1.5,0.9098819346969025
002-004_18341,2.0,0.8627402767410303
002-004_18413,0.0,1.0
002-004_18413,0.5,0.9809556527204846
002-004_18413,1.0,0.940210682274018
002-004_18413,1.5,0.892786930711943
002-004_18413,2.0,0.830697762517243
002-004_18414,0.0,1.0
002-004_18414,0.5,0.9907383840749922
002-004_18414,1.0,0.9838875620726857
002-004_18414,1.5,0.9723855454956309
002-004_18414,2.0,0.9565317048602401
002-004_18421,0.0,1.0
002-004_18421,0.5,0.9815290539932278
002-004_18421,1.0,0.927076210643174
002-004_18421,1.5,0.8913748852598165
002-004_18421,2.0,0.8560452130323608
002-004_18567,0.0,1.0
002-004_18567,0.5,0.9841798378194595
002-004_18567,1.0,0.957723161539655
002-004_18567,1.5,0.944946576823222
002-004_18567,2.0,0.9279018934154531
002-004_18622,0.0,1.0
002-004_18622,0.5,0.9632597755363359
002-004_18622,1.0,0.9807707146485125
002-004_18622,1.5,0.9533374244555243
002-004_18622,2.0,0.9009938993913649
002-004_18692,0.0,1.0
002-004_18692,0.5,0.9269582417720064
002-004_18692,1.0,0.901840648195891
002-004_18692,1.5,0.8619050250153998
002-004_18692,2.0,0.8275052022559397
002-004_18874,0.0,1.0
002-004_18874,0.5,0.9915639077969916
002-004_18874,1.0,0.989165494669258
002-004_18874,1.5,0.9865109467629172
002-004_18874,2.0,0.9810507995506743
002-004_18928,0.0,1.0
002-004_18928,0.5,0.9286251370774017
002-004_18928,1.0,0.9519740076125365
002-004_18928,1.5,0.9125920929442344
002-004_18928,2.0,0.8500610875122915
002-004_18982,0.0,1.0
002-004_18982,0.5,0.9369067945546131
002-004_18982,1.0,0.9617367235535288
002-004_18982,1.5,0.931450967735827
002-004_18982,2.0,0.8946054475792635
002-004_19147,0.0,1.0
002-004_19147,0.5,0.9461791745831581
002-004_19147,1.0,0.8782270774523889
002-004_19147,1.5,0.7895951947190432
002-004_19147,2.0,0.6951047660888339
002-004_19331,0.0,1.0
002-004_19331,0.5,0.9575954490836247
002-004_19331,1.0,0.9790229051192967
002-004_19331,1.5,0.9595505545213949
002-004_19331,2.0,0.9331853771919248
002-004_19458,0.0,1.0
002-004_19458,0.5,0.9810756270688008
002-004_19458,1.0,0.983935423425163
002-004_19458,1.5,0.9819523561159252
002-004_19458,2.0,0.9795517881666298
002-004_19463,0.0,1.0
002-004_19463,0.5,0.9816968581647156
002-004_19463,1.0,0.9370091196930057
002-004_19463,1.5,0.9078752000255677
002-004_19463,2.0,0.8673494175081575
002-004_19502,0.0,1.0
002-004_19502,0.5,0.9881479862191253
002-004_19502,1.0,0.9593966887751236
002-004_19502,1.5,0.9601914275172878
002-004_19502,2.0,0.962296768175812
002-004_19571,0.0,1.0
002-004_19571,0.5,0.9656687245225338
002-004_19571,1.0,0.9777818138079298
002-004_19571,1.5,0.9676170581286119
002-004_19571,2.0,0.9503881740449156
002-004_19575,0.0,1.0
002-004_19575,0.5,0.9740506652276244
002-004_19575,1.0,0.8805351810858851
002-004_19575,1.5,0.8287499029313358
002-004_19575,2.0,0.7937804735586359
002-004_19595,0.0,1.0
002-004_19595,0.5,0.9717670234313062
002-004_19595,1.0,0.97018218921959
002-004_19595,1.5,0.9576257524817899
002-004_19595,2.0,0.9431601934999547
002-004_19637,0.0,1.0
002-004_19637,0.5,0.9865707272571154
002-004_19637,1.0,0.9670229314715594
002-004_19637,1.5,0.9566599104520762
002-004_19637,2.0,0.942313548159017
002-004_19658,0.0,1.0
002-004_19658,0.5,0.98909306567259
002-004_19658,1.0,0.9664049606518484
002-004_19658,1.5,0.9282949263302939
002-004_19658,2.0,0.8698289407729968
002-004_19777,0.0,1.0
002-004_19777,0.5,0.9875727930336979
002-004_19777,1.0,0.9605759856046882
002-004_19777,1.5,0.9546076821146605
002-004_19777,2.0,0.9467298299146525
002-004_19904,0.0,1.0
002-004_19904,0.5,0.9839082259309123
002-004_19904,1.0,0.9753138767064379
002-004_19904,1.5,0.960332323730981
002-004_19904,2.0,0.9423359695649804
002-004_20037,0.0,1.0
002-004_20037,0.5,0.9755232474980987
002-004_20037,1.0,0.9662869752806694
002-004_20037,1.5,0.9636836792336968
002-004_20037,2.0,0.9637996430452462
002-004_20164,0.0,1.0
002-004_20164,0.5,0.992257484104587
002-004_20164,1.0,0.9759044474101992
002-004_20164,1.5,0.9682458323656664
002-004_20164,2.0,0.958756139588289
002-004_20233,0.0,1.0
002-004_20233,0.5,0.9719926320733486
002-004_20233,1.0,0.9545109662946568
002-004_20233,1.5,0.9458321928629592
002-004_20233,2.0,0.9363605124818815
002-004_20375,0.0,1.0
002-004_20375,0.5,0.9903534940841884
002-004_20375,1.0,0.9661846211392879
002-004_20375,1.5,0.9639195032573922
002-004_20375,2.0,0.9628743692480229
002-004_20467,0.0,1.0
002-004_20467,0.5,0.9943177268693012
002-004_20467,1.0,0.9877523783795046
002-004_20467,1.5,0.9766145470029652
002-004_20467,2.0,0.9537909188060905
002-004_20488,0.0,1.0
002-004_20488,0.5,0.9701643574232055
002-004_20488,1.0,0.9749044608039984
002-004_20488,1.5,0.9701528169406741
002-004_20488,2.0,0.9625841537614075
002-004_20614,0.0,1.0
002-004_20614,0.5,0.982795905566016
002-004_20614,1.0,0.9427203701438149
002-004_20614,1.5,0.9254568923429911
002-004_20614,2.0,0.9056608034246668
002-004_20631,0.0,1.0
002-004_20631,0.5,0.9592183714836342
002-004_20631,1.0,0.959107041700957
002-004_20631,1.5,0.9549628688144395
002-004_20631,2.0,0.9497425969368061
002-004_20645,0.0,1.0
002-004_20645,0.5,0.9591842049742438
002-004_20645,1.0,0.9823731561350779
002-004_20645,1.5,0.9736997272436307
002-004_20645,2.0,0.9605628201181444
002-004_20737,0.0,1.0
002-004_20737,0.5,0.9666698094894484
002-004_20737,1.0,0.9750771476769997
002-004_20737,1.5,0.9448501514280916
002-004_20737,2.0,0.8922659967647055
002-004_20850,0.0,1.0
002-004_20850,0.5,0.9937782380763645
002-004_20850,1.0,0.9848434878471707
002-004_20850,1.5,0.9720124401751732
002-004_20850,2.0,0.954607114664607
002-004_21098,0.0,1.0
002-004_21098,0.5,0.9886268516882804
002-004_21098,1.0,0.9592333675596255
002-004_21098,1.5,0.9637797236239584
002-004_21098,2.0,0.9649925438762735
002-006_17610,0.0,1.0
002-006_17610,0.5,0.9523233227933672
002-006_17610,1.0,0.8994760798159169
002-006_17610,1.5,0.8487927942976454
002-006_17610,2.0,0.7841108160949282
002-006_18033,0.0,1.0
002-006_18033,0.5,0.9239908904406047
002-006_18033,1.0,0.9015272924161792
002-006_18033,1.5,0.8593501809009875
002-006_18033,2.0,0.8028484651647868
002-006_18104,0.0,1.0
002-006_18104,0.5,0.9616142084449245
002-006_18104,1.0,0.9843999942495187
002-006_18104,1.5,0.9847970638201716
002-006_18104,2.0,0.9791177235672306
002-006_18653,0.0,1.0
002-006_18653,0.5,0.9051489067785363
002-006_18653,1.0,0.7924069116435553
002-006_18653,1.5,0.7968571265349352
002-006_18653,2.0,0.7972515583935443
002-006_18839,0.0,1.0
002-006_18839,0.5,0.9327330814107327
002-006_18839,1.0,0.9674235882899432
002-006_18839,1.5,0.9471038208860587
002-006_18839,2.0,0.9230873903054737
002-006_18899,0.0,1.0
002-006_18899,0.5,0.9310712948730289
002-006_18899,1.0,0.8022484324068142
002-006_18899,1.5,0.7383704171501047
002-006_18899,2.0,0.6633533222534718
002-006_19613,0.0,1.0
002-006_19613,0.5,0.9585105938107997
002-006_19613,1.0,0.9442318228574679
002-006_19613,1.5,0.9368902429551629
002-006_19613,2.0,0.9194286472419789
002-006_19636,0.0,1.0
002-006_19636,0.5,0.973260155034075
002-006_19636,1.0,0.9478919018260822
002-006_19636,1.5,0.9207259324927042
002-006_19636,2.0,0.8780846258658387
002-006_19836,0.0,1.0
002-006_19836,0.5,0.8972428886154057
002-006_19836,1.0,0.948651749122917
002-006_19836,1.5,0.9168001749332566
002-006_19836,2.0,0.8924603604993216
002-006_19989,0.0,1.0
002-006_19989,0.5,0.9854686595904814
002-006_19989,1.0,0.9592330762303063
002-006_19989,1.5,0.9499115621480249
002-006_19989,2.0,0.9380018791434548
002-006_20202,0.0,1.0
002-006_20202,0.5,0.9705928797801738
002-006_20202,1.0,0.9786802782726083
002-006_20202,1.5,0.9746784951930219
002-006_20202,2.0,0.958556866571817
002-006_20209,0.0,1.0
002-006_20209,0.5,0.9333088898605097
002-006_20209,1.0,0.8906802791802441
002-006_20209,1.5,0.8462296482761162
002-006_20209,2.0,0.7801677304961931
002-006_20272,0.0,1.0
002-006_20272,0.5,0.9889185981359048
002-006_20272,1.0,0.9517181927232138
002-006_20272,1.5,0.9343329981468812
002-006_20272,2.0,0.9120674418399725
002-006_20516,0.0,1.0
002-006_20516,0.5,0.9375071362986419
002-006_20516,1.0,0.9762135940044534
002-006_20516,1.5,0.9716530536941609
002-006_20516,2.0,0.9653972744882617
002-006_20561,0.0,1.0
002-006_20561,0.5,0.9375308453053011
002-006_20561,1.0,0.9378197529792913
002-006_20561,1.5,0.927338823375945
002-006_20561,2.0,0.9064081764740332
002-006_20575,0.0,1.0
002-006_20575,0.5,0.9951049798886307
002-006_20575,1.0,0.9879194029354242
002-006_20575,1.5,0.9868243266951079
002-006_20575,2.0,0.9850785384240571
002-006_20629,0.0,1.0
002-006_20629,0.5,0.9601469127111382
002-006_20629,1.0,0.9185641393618142
002-006_20629,1.5,0.9234263397223453
002-006_20629,2.0,0.9271095132832846
002-006_20680,0.0,1.0
002-006_20680,0.5,0.9899939039925315
002-006_20680,1.0,0.9671458419305297
002-006_20680,1.5,0.9572792417578864
002-006_20680,2.0,0.9453541849209952
002-006_20809,0.0,1.0
002-006_20809,0.5,0.9191814201423164
002-006_20809,1.0,0.9403557629074251
002-006_20809,1.5,0.9414289815223703
002-006_20809,2.0,0.9415746496029582
002-006_20872,0.0,1.0
002-006_20872,0.5,0.9806919110133624
002-006_20872,1.0,0.9414161560441394
002-006_20872,1.5,0.9203029530915168
002-006_20872,2.0,0.897529723123399
002-006_21146,0.0,1.0
002-006_21146,0.5,0.9698379069143261
002-006_21146,1.0,0.943915990783554
002-006_21146,1.5,0.9481967291218368
002-006_21146,2.0,0.9446222801825565
002-006_21352,0.0,1.0
002-006_21352,0.5,0.9127397946808428
002-006_21352,1.0,0.9213985062518804
002-006_21352,1.5,0.9283468128180844
002-006_21352,2.0,0.9327315199508902
002-006_21411,0.0,1.0
002-006_21411,0.5,0.9348463836922174
002-006_21411,1.0,0.8404860336806411
002-006_21411,1.5,0.8003285344638019
002-006_21411,2.0,0.7738325595111699
002-006_21662,0.0,1.0
002-006_21662,0.5,0.9530254846714205
002-006_21662,1.0,0.9342485964519966
002-006_21662,1.5,0.9400055743721442
002-006_21662,2.0,0.9396382810780332
002-006_21840,0.0,1.0
002-006_21840,0.5,0.9065120439096769
002-006_21840,1.0,0.8692239134848379
002-006_21840,1.5,0.8142095220713503
002-006_21840,2.0,0.7428925767562898
002-006_22136,0.0,1.0
002-006_22136,0.5,0.9571713714411998
002-006_22136,1.0,0.9347220122360341
002-006_22136,1.5,0.9248770543802494
002-006_22136,2.0,0.9125123348593202
002-006_22152,0.0,1.0
002-006_22152,0.5,0.9337082824896812
002-006_22152,1.0,0.918538290859279
002-006_22152,1.5,0.9066459851616064
002-006_22152,2.0,0.8947742260476909
002-006_22242,0.0,1.0
002-006_22242,0.5,0.921318831149346
002-006_22242,1.0,0.95307446575335
002-006_22242,1.5,0.9589715286194941
002-006_22242,2.0,0.9597674959759994
002-006_22388,0.0,1.0
002-006_22388,0.5,0.9770520509393863
002-006_22388,1.0,0.9273049531439422
002-006_22388,1.5,0.9276610693376639
002-006_22388,2.0,0.9265061225237359
002-006_22473,0.0,1.0
002-006_22473,0.5,0.9048419174143139
002-006_22473,1.0,0.8769648592506893
002-006_22473,1.5,0.8582025196151966
002-006_22473,2.0,0.8412496255101161
002-006_23598,0.0,1.0
002-006_23598,0.5,0.9866788610445261
002-006_23598,1.0,0.9809058751299268
002-006_23598,1.5,0.9758766842999473
002-006_23598,2.0,0.9646035154971521
002-006_23691,0.0,1.0
002-006_23691,0.5,0.8995097815663954
002-006_23691,1.0,0.9319587298263196
002-006_23691,1.5,0.9058073233138789
002-006_23691,2.0,0.8822998821734026
002-006_23778,0.0,1.0
002-006_23778,0.5,0.9535493414597882
002-006_23778,1.0,0.8829863381918726
002-006_23778,1.5,0.8829506763464952
002-006_23778,2.0,0.8748860666755393
002-006_23811,0.0,1.0
002-006_23811,0.5,0.9561515715603542
002-006_23811,1.0,0.9619635301117319
002-006_23811,1.5,0.9654944324197834
002-006_23811,2.0,0.9659303661424089
002-006_23833,0.0,1.0
002-006_23833,0.5,0.9142256309564815
002-006_23833,1.0,0.8559480842514048
002-006_23833,1.5,0.7892107149129118
002-006_23833,2.0,0.7033063610362238
002-006_24231,0.0,1.0
002-006_24231,0.5,0.9902317095672016
002-006_24231,1.0,0.9698588644060223
002-006_24231,1.5,0.9363468197622433
002-006_24231,2.0,0.8871498035936971
002-006_24273,0.0,1.0
002-006_24273,0.5,0.9115869248450174
002-006_24273,1.0,0.8888911224323118
002-006_24273,1.5,0.8303715039867126
002-006_24273,2.0,0.7516874834120411
002-006_24624,0.0,1.0
002-006_24624,0.5,0.9700077780325106
002-006_24624,1.0,0.8881557483751829
002-006_24624,1.5,0.8786379965129372
002-006_24624,2.0,0.8659807159158173
002-006_24730,0.0,1.0
002-006_24730,0.5,0.9815621037037039
002-006_24730,1.0,0.937974687284435
002-006_24730,1.5,0.8833898588023231
002-006_24730,2.0,0.8105363945422748
002-006_24797,0.0,1.0
002-006_24797,0.5,0.9321487796262986
002-006_24797,1.0,0.9559954925779389
002-006_24797,1.5,0.9529452804688221
002-006_24797,2.0,0.9479891270899552
002-006_24837,0.0,1.0
002-006_24837,0.5,0.9848239149255154
002-006_24837,1.0,0.9789453915994634
002-006_24837,1.5,0.9737689605542154
002-006_24837,2.0,0.9662521785988127
002-006_25289,0.0,1.0
002-006_25289,0.5,0.9544621620052315
002-006_25289,1.0,0.8839063669830036
002-006_25289,1.5,0.8827898065319512
002-006_25289,2.0,0.8835361150843226
002-006_25391,0.0,1.0
002-006_25391,0.5,0.9786920826919102
002-006_25391,1.0,0.9304590546694892
002-006_25391,1.5,0.917956209193795
002-006_25391,2.0,0.9034564140038649
002-006_25506,0.0,1.0
002-006_25506,0.5,0.9784429335499217
002-006_25506,1.0,0.9103034505213728
002-006_25506,1.5,0.8944277372929159
002-006_25506,2.0,0.8744396925707558
002-006_25536,0.0,1.0
002-006_25536,0.5,0.9870987944673512
002-006_25536,1.0,0.9654246880975713
002-006_25536,1.5,0.9510275047900588
002-006_25536,2.0,0.9329691851109511
002-006_25565,0.0,1.0
002-006_25565,0.5,0.9899611838666375
002-006_25565,1.0,0.9798805566888577
002-006_25565,1.5,0.9581215665883637
002-006_25565,2.0,0.9233908886851875
002-006_25781,0.0,1.0
002-006_25781,0.5,0.9124977479696065
002-006_25781,1.0,0.9706041990467069
002-006_25781,1.5,0.9684142718079634
002-006_25781,2.0,0.9649183885728041
002-006_26057,0.0,1.0
002-006_26057,0.5,0.9480082346743685
002-006_26057,1.0,0.861863125601656
002-006_26057,1.5,0.8415598837475645
002-006_26057,2.0,0.8242602638126793
002-006_26094,0.0,1.0
002-006_26094,0.5,0.9193869504843096
002-006_26094,1.0,0.8819883022420485
002-006_26094,1.5,0.8385444348731678
002-006_26094,2.0,0.7777792740430216
002-006_26108,0.0,1.0
002-006_26108,0.5,0.9187890996124753
002-006_26108,1.0,0.9062537075245918
002-006_26108,1.5,0.8742983737229445
002-006_26108,2.0,0.830825447695519
002-006_26454,0.0,1.0
002-006_26454,0.5,0.9802134840902157
002-006_26454,1.0,0.9586564230964723
002-006_26454,1.5,0.9657971333465133
002-006_26454,2.0,0.9751885115266915
002-006_26591,0.0,1.0
002-006_26591,0.5,0.9704716215708701
002-006_26591,1.0,0.9527509477616117
002-006_26591,1.5,0.947868987239118
002-006_26591,2.0,0.9377268487849422
002-006_26604,0.0,1.0
002-006_26604,0.5,0.9463592509183015
002-006_26604,1.0,0.9014781867761326
002-006_26604,1.5,0.8932178360692787
002-006_26604,2.0,0.8807471366819976
002-006_26808,0.0,1.0
002-006_26808,0.5,0.9437266502912823
002-006_26808,1.0,0.8045775406340681
002-006_26808,1.5,0.7701356158315241
002-006_26808,2.0,0.7274346094276499
002-006_26998,0.0,1.0
002-006_26998,0.5,0.9908156505800658
002-006_26998,1.0,0.9643111660851151
002-006_26998,1.5,0.9478135728091431
002-006_26998,2.0,0.9277008330715955
002-006_27086,0.0,1.0
002-006_27086,0.5,0.9392894886596944
002-006_27086,1.0,0.9542259978112136
002-006_27086,1.5,0.960539695841798
002-006_27086,2.0,0.9610889152427495
002-006_27111,0.0,1.0
002-006_27111,0.5,0.9852756940828185
002-006_27111,1.0,0.9521799715427197
002-006_27111,1.5,0.9466308443081639
002-006_27111,2.0,0.9379393738636078
002-006_27450,0.0,1.0
002-006_27450,0.5,0.9345657920134887
002-006_27450,1.0,0.8210774426222763
002-006_27450,1.5,0.7941750277326398
002-006_27450,2.0,0.7618650218904373
002-006_27511,0.0,1.0
002-006_27511,0.5,0.8986418332389619
002-006_27511,1.0,0.9290624778488344
002-006_27511,1.5,0.9269411366292435
002-006_27511,2.0,0.9233959490535079
002-006_27735,0.0,1.0
002-006_27735,0.5,0.9478089705564249
002-006_27735,1.0,0.9496289702923884
002-006_27735,1.5,0.9529606548265577
002-006_27735,2.0,0.9486302619786775
002-006_27934,0.0,1.0
002-006_27934,0.5,0.9377775655319166
002-006_27934,1.0,0.9237855210392083
002-006_27934,1.5,0.9143296871965076
002-006_27934,2.0,0.9051067096593789
002-006_27961,0.0,1.0
002-006_27961,0.5,0.9628614773975093
002-006_27961,1.0,0.9407668871115373
002-006_27961,1.5,0.9480003574704828
002-006_27961,2.0,0.9542561948516001
002-006_28060,0.0,1.0
002-006_28060,0.5,0.9415707359036868
002-006_28060,1.0,0.9588424124261578
002-006_28060,1.5,0.9479675249599927
002-006_28060,2.0,0.9335286696537262
002-006_28200,0.0,1.0
002-006_28200,0.5,0.9925356155822118
002-006_28200,1.0,0.9814044590534818
002-006_28200,1.5,0.9632824729474655
002-006_28200,2.0,0.937451437356611
002-006_28229,0.0,1.0
002-006_28229,0.5,0.9645477079906981
002-006_28229,1.0,0.9345230247282051
002-006_28229,1.5,0.9217504033549431
002-006_28229,2.0,0.9015555421279597
002-006_28392,0.0,1.0
002-006_28392,0.5,0.9396493718352896
002-006_28392,1.0,0.940320712510896
002-006_28392,1.5,0.9267811089689751
002-006_28392,2.0,0.9041307837018506
002-006_28476,0.0,1.0
002-006_28476,0.5,0.9687781351241266
002-006_28476,1.0,0.9553398414188445
002-006_28476,1.5,0.954449991045289
002-006_28476,2.0,0.9548664519056659
002-006_28489,0.0,1.0
002-006_28489,0.5,0.9539321264735391
002-006_28489,1.0,0.9602272759734602
002-006_28489,1.5,0.9534018659008733
002-006_28489,2.0,0.9452277403185982
002-006_28559,0.0,1.0
002-006_28559,0.5,0.9493247068795329
002-006_28559,1.0,0.9498990986163879
002-006_28559,1.5,0.9521479327023245
002-006_28559,2.0,0.9542575369369117
002-006_29166,0.0,1.0
002-006_29166,0.5,0.9924840264030087
002-006_29166,1.0,0.9720533527995295
002-006_29166,1.5,0.9696424691289988
002-006_29166,2.0,0.9581613638727945
002-006_29283,0.0,1.0
002-006_29283,0.5,0.9423165688826161
002-006_29283,1.0,0.9229223659487464
002-006_29283,1.5,0.9114360968651013
002-006_29283,2.0,0.8988259627102774
002-006_29305,0.0,1.0
002-006_29305,0.5,0.9670825462030801
002-006_29305,1.0,0.851841836632237
002-006_29305,1.5,0.8063210935156659
002-006_29305,2.0,0.7572252174266704
002-006_30185,0.0,1.0
002-006_30185,0.5,0.9611431953178726
002-006_30185,1.0,0.9127550298639385
002-006_30185,1.5,0.8814148533498948
002-006_30185,2.0,0.8434478795977425
002-006_30196,0.0,1.0
002-006_30196,0.5,0.9487195952329449
002-006_30196,1.0,0.9646638857170386
002-006_30196,1.5,0.9629262160936117
002-006_30196,2.0,0.9614612029580631
002-006_30394,0.0,1.0
002-006_30394,0.5,0.9357875275823578
002-006_30394,1.0,0.9164117290377088
002-006_30394,1.5,0.8775230601285386
002-006_30394,2.0,0.8205374395628999
002-006_30641,0.0,1.0
002-006_30641,0.5,0.8838244784552485
002-006_30641,1.0,0.9381195273916907
002-006_30641,1.5,0.9177044660915299
002-006_30641,2.0,0.8909280820744532
002-006_30841,0.0,1.0
002-006_30841,0.5,0.9292352288493485
002-006_30841,1.0,0.955528022559541
002-006_30841,1.5,0.9474462530000348
002-006_30841,2.0,0.9313940867947162
002-006_31316,0.0,1.0
002-006_31316,0.5,0.9837532298121238
002-006_31316,1.0,0.9442069800088996
002-006_31316,1.5,0.9192392165929172
002-006_31316,2.0,0.8873041736953893
002-006_31354,0.0,1.0
002-006_31354,0.5,0.9329417116665516
002-006_31354,1.0,0.7665957219207887
002-006_31354,1.5,0.6487493028012346
002-006_31354,2.0,0.5789365470845471
002-006_31799,0.0,1.0
002-006_31799,0.5,0.9697623739277332
002-006_31799,1.0,0.9533193671621154
002-006_31799,1.5,0.9461719400998446
002-006_31799,2.0,0.935184824031473
002-006_32079,0.0,1.0
002-006_32079,0.5,0.9605044615334948
002-006_32079,1.0,0.9875792620640869
002-006_32079,1.5,0.9874042582099555
002-006_32079,2.0,0.986261177367468
002-006_32154,0.0,1.0
002-006_32154,0.5,0.9369858399030774
002-006_32154,1.0,0.9172908450783562
002-006_32154,1.5,0.9013812711077781
002-006_32154,2.0,0.8851192712405522
002-006_32252,0.0,1.0
002-006_32252,0.5,0.9575529222301254
002-006_32252,1.0,0.8943153925019209
002-006_32252,1.5,0.818987332782813
002-006_32252,2.0,0.7227147299971862
002-006_32337,0.0,1.0
002-006_32337,0.5,0.9765510534293054
002-006_32337,1.0,0.9181291470912973
002-006_32337,1.5,0.9160505260569517
002-006_32337,2.0,0.9080289913745744
002-006_33044,0.0,1.0
002-006_33044,0.5,0.9037759648684007
002-006_33044,1.0,0.9407065442126755
002-006_33044,1.5,0.9387043464239323
002-006_33044,2.0,0.9401075818807356
002-006_33187,0.0,1.0
002-006_33187,0.5,0.9598157554876935
002-006_33187,1.0,0.980623589352242
002-006_33187,1.5,0.9832843222249955
002-006_33187,2.0,0.9830312275888308
002-006_33190,0.0,1.0
002-006_33190,0.5,0.9380713141683575
002-006_33190,1.0,0.9637688505159715
002-006_33190,1.5,0.9530231005549283
002-006_33190,2.0,0.9403223978366688
002-006_33203,0.0,1.0
002-006_33203,0.5,0.98439900381401
002-006_33203,1.0,0.950497743315394
002-006_33203,1.5,0.924374372141003
002-006_33203,2.0,0.8894670624442544
002-006_33495,0.0,1.0
002-006_33495,0.5,0.9587970176114295
002-006_33495,1.0,0.8890636059540845
002-006_33495,1.5,0.864732115333427
002-006_33495,2.0,0.840453152106465
002-006_33512,0.0,1.0
002-006_33512,0.5,0.9722530172238674
002-006_33512,1.0,0.9370247100748189
002-006_33512,1.5,0.9296751240742974
002-006_33512,2.0,0.9213748832539523
002-006_33605,0.0,1.0
002-006_33605,0.5,0.980673674327735
002-006_33605,1.0,0.932523708983012
002-006_33605,1.5,0.8733737937787561
002-006_33605,2.0,0.7926234504145659
002-006_33716,0.0,1.0
002-006_33716,0.5,0.9901439446230329
002-006_33716,1.0,0.9697839427562532
002-006_33716,1.5,0.9699473986165507
002-006_33716,2.0,0.9698734557399432
002-006_33746,0.0,1.0
002-006_33746,0.5,0.9781874343859008
002-006_33746,1.0,0.9694504671244477
002-006_33746,1.5,0.9623340201783657
002-006_33746,2.0,0.9439356659251391
002-006_34110,0.0,1.0
002-006_34110,0.5,0.9219971170493328
002-006_34110,1.0,0.8196723361305757
002-006_34110,1.5,0.7669087873850744
002-006_34110,2.0,0.6956241944855411
002-006_34217,0.0,1.0
002-006_34217,0.5,0.9671616145416786
002-006_34217,1.0,0.9866518497878941
002-006_34217,1.5,0.9881775050414116
002-006_34217,2.0,0.9850586725555138
002-006_34326,0.0,1.0
002-006_34326,0.5,0.9773570013944588
002-006_34326,1.0,0.9656742252344878
002-006_34326,1.5,0.9547527460194782
002-006_34326,2.0,0.9447877909685866
002-006_34656,0.0,1.0
002-006_34656,0.5,0.9110164794321812
002-006_34656,1.0,0.9740555003843198
002-006_34656,1.5,0.9716953918465615
002-006_34656,2.0,0.9675997115279069
002-006_34671,0.0,1.0
002-006_34671,0.5,0.9467076267578542
002-006_34671,1.0,0.9198092993913671
002-006_34671,1.5,0.8853384781165049
002-006_34671,2.0,0.8358143301417726
002-006_34762,0.0,1.0
002-006_34762,0.5,0.9472821395951645
002-006_34762,1.0,0.9175685887715896
002-006_34762,1.5,0.8372081027848929
002-006_34762,2.0,0.7473115492938612
002-006_35024,0.0,1.0
002-006_35024,0.5,0.9789463529999458
002-006_35024,1.0,0.9452966314835918
002-006_35024,1.5,0.9410386585655302
002-006_35024,2.0,0.9348858670751413
003-001_17276,0.0,1.0
003-001_17276,0.5,0.9922597368442322
003-001_17276,1.0,0.9798348783314681
003-001_17276,1.5,0.9774217759744938
003-001_17276,2.0,0.9709188189665028
003-001_17699,0.0,1.0
003-001_17699,0.5,0.8439124362177556
003-001_17699,1.0,0.9224937338584831
003-001_17699,1.5,0.8926627990373167
003-001_17699,2.0,0.8806658351697506
003-001_17770,0.0,1.0
003-001_17770,0.5,0.9628748767993501
003-001_17770,1.0,0.9598913298523967
003-001_17770,1.5,0.9518921620103108
003-001_17770,2.0,0.9403000539685239
003-001_18319,0.0,1.0
003-001_18319,0.5,0.9838360857016629
003-001_18319,1.0,0.9545078257538515
003-001_18319,1.5,0.9405153985078991
003-001_18319,2.0,0.9163815365632766
003-001_18505,0.0,1.0
003-001_18505,0.5,0.894817737891747
003-001_18505,1.0,0.9430563868599731
003-001_18505,1.5,0.9322558023916392
003-001_18505,2.0,0.9211535228669605
003-001_18565,0.0,1.0
003-001_18565,0.5,0.9326213980188646
003-001_18565,1.0,0.9478979943888107
003-001_18565,1.5,0.9175133074570686
003-001_18565,2.0,0.8735056800203627
003-001_19279,0.0,1.0
003-001_19279,0.5,0.9531552524447028
003-001_19279,1.0,0.931264459429536
003-001_19279,1.5,0.8834943353729513
003-001_19279,2.0,0.8401417455951445
003-001_19302,0.0,1.0
003-001_19302,0.5,0.9860946273385339
003-001_19302,1.0,0.9850716494308164
003-001_19302,1.5,0.9751271421016288
003-001_19302,2.0,0.9612817951108871
003-001_19502,0.0,1.0
003-001_19502,0.5,0.9879161189234167
003-001_19502,1.0,0.9628519715392061
003-001_19502,1.5,0.9443106227851912
003-001_19502,2.0,0.9250314639452458
003-001_19655,0.0,1.0
003-001_19655,0.5,0.9455112862631894
003-001_19655,1.0,0.9559262609832064
003-001_19655,1.5,0.9501201454824586
003-001_19655,2.0,0.9382245343059733
003-001_19868,0.0,1.0
003-001_19868,0.5,0.9158562231398163
003-001_19868,1.0,0.9439151973118622
003-001_19868,1.5,0.9354329918406894
003-001_19868,2.0,0.9301235615602943
003-001_19875,0.0,1.0
003-001_19875,0.5,0.9574325442848816
003-001_19875,1.0,0.8545021491578229
003-001_19875,1.5,0.8631224900276308
003-001_19875,2.0,0.8609566659800598
003-001_19938,0.0,1.0
003-001_19938,0.5,0.9815373709606632
003-001_19938,1.0,0.9342834688983318
003-001_19938,1.5,0.9183976348321194
003-001_19938,2.0,0.8982545770169263
003-001_20182,0.0,1.0
003-001_20182,0.5,0.9749626931208346
003-001_20182,1.0,0.977499648188713
003-001_20182,1.5,0.9801882164855263
003-001_20182,2.0,0.982855737746388
003-001_20227,0.0,1.0
003-001_20227,0.5,0.9915168618630862
003-001_20227,1.0,0.9861500562561968
003-001_20227,1.5,0.9785319762791593
003-001_20227,2.0,0.9671498219548487
003-001_20241,0.0,1.0
003-001_20241,0.5,0.9172740068246366
003-001_20241,1.0,0.9752030858771645
003-001_20241,1.5,0.9691152750510105
003-001_20241,2.0,0.9608967716994623
003-001_20295,0.0,1.0
003-001_20295,0.5,0.9595750592020128
003-001_20295,1.0,0.9349307604304091
003-001_20295,1.5,0.8999785602358578
003-001_20295,2.0,0.8658754396897572
003-001_20346,0.0,1.0
003-001_20346,0.5,0.9797828626711639
003-001_20346,1.0,0.9519755374365979
003-001_20346,1.5,0.9534950551302136
003-001_20346,2.0,0.9506611507591742
003-001_20475,0.0,1.0
003-001_20475,0.5,0.9228886128209454
003-001_20475,1.0,0.9031741668844868
003-001_20475,1.5,0.8902050624554197
003-001_20475,2.0,0.8774350595745752
003-001_20538,0.0,1.0
003-001_20538,0.5,0.983059858706117
003-001_20538,1.0,0.9216968000858051
003-001_20538,1.5,0.9149034950288254
003-001_20538,2.0,0.9087088502497033
003-001_20812,0.0,1.0
003-001_20812,0.5,0.9932172397957907
003-001_20812,1.0,0.9762807445496435
003-001_20812,1.5,0.9719966477674982
003-001_20812,2.0,0.9663140988600176
003-001_21018,0.0,1.0
003-001_21018,0.5,0.9625255746171041
003-001_21018,1.0,0.9312161858397565
003-001_21018,1.5,0.8825902180282627
003-001_21018,2.0,0.8226806766100252
003-001_21077,0.0,1.0
003-001_21077,0.5,0.9536335849310187
003-001_21077,1.0,0.8803808534223023
003-001_21077,1.5,0.86052643849726
003-001_21077,2.0,0.8397868348898078
003-001_21328,0.0,1.0
003-001_21328,0.5,0.9742192379512875
003-001_21328,1.0,0.9429382640126722
003-001_21328,1.5,0.9443606194754509
003-001_21328,2.0,0.9356483252593709
003-001_21506,0.0,1.0
003-001_21506,0.5,0.9445027872024299
003-001_21506,1.0,0.9253891353803504
003-001_21506,1.5,0.9149766554115183
003-001_21506,2.0,0.9010586507667409
003-001_21802,0.0,1.0
003-001_21802,0.5,0.9132429348619733
003-001_21802,1.0,0.9413780320523462
003-001_21802,1.5,0.9103362439618816
003-001_21802,2.0,0.8689781861622492
003-001_21818,0.0,1.0
003-001_21818,0.5,0.9810798765670329
003-001_21818,1.0,0.9606556833014803
003-001_21818,1.5,0.9447815309090549
003-001_21818,2.0,0.9240706722570904
003-001_21908,0.0,1.0
003-001_21908,0.5,0.890564933381946
003-001_21908,1.0,0.9575931133125849
003-001_21908,1.5,0.9495588749520361
003-001_21908,2.0,0.9401719998793725
003-001_22054,0.0,1.0
003-001_22054,0.5,0.9253395275431455
003-001_22054,1.0,0.8171923594430686
003-001_22054,1.5,0.7699158325953936
003-001_22054,2.0,0.736477705794667
003-001_22139,0.0,1.0
003-001_22139,0.5,0.8781044286021767
003-001_22139,1.0,0.9524568625569456
003-001_22139,1.5,0.9366448197608677
003-001_22139,2.0,0.9167042513324095
003-001_23264,0.0,1.0
003-001_23264,0.5,0.9888768638818457
003-001_23264,1.0,0.945808558123091
003-001_23264,1.5,0.9446671336185288
003-001_23264,2.0,0.941382182206659
003-001_23357,0.0,1.0
003-001_23357,0.5,0.9850928193410279
003-001_23357,1.0,0.9776909783416536
003-001_23357,1.5,0.9756687839808489
003-001_23357,2.0,0.9680589378099778
003-001_23444,0.0,1.0
003-001_23444,0.5,0.9851840332582953
003-001_23444,1.0,0.9237997521796576
003-001_23444,1.5,0.8813259869532181
003-001_23444,2.0,0.8243084207340846
003-001_23477,0.0,1.0
003-001_23477,0.5,0.9881109358323008
003-001_23477,1.0,0.9620606007914727
003-001_23477,1.5,0.9510599808488395
003-001_23477,2.0,0.9391988832271798
003-001_23499,0.0,1.0
003-001_23499,0.5,0.9513166954765832
003-001_23499,1.0,0.8501010045135402
003-001_23499,1.5,0.7973234653860143
003-001_23499,2.0,0.7406171991472683
003-001_23897,0.0,1.0
003-001_23897,0.5,0.9936420962264526
003-001_23897,1.0,0.9850689572003637
003-001_23897,1.5,0.9807718488440925
003-001_23897,2.0,0.974114994052539
003-001_23939,0.0,1.0
003-001_23939,0.5,0.9689270890108447
003-001_23939,1.0,0.9547398555974316
003-001_23939,1.5,0.9533636166121
003-001_23939,2.0,0.9514382400701696
003-001_24290,0.0,1.0
003-001_24290,0.5,0.9487677719385998
003-001_24290,1.0,0.9549903822973148
003-001_24290,1.5,0.9396173186363755
003-001_24290,2.0,0.9210567318790643
003-001_24396,0.0,1.0
003-001_24396,0.5,0.9957252128410186
003-001_24396,1.0,0.9933426307304069
003-001_24396,1.5,0.9884178124694907
003-001_24396,2.0,0.978446305874591
003-001_24463,0.0,1.0
003-001_24463,0.5,0.9119454951119229
003-001_24463,1.0,0.9680251153900093
003-001_24463,1.5,0.9678139215615333
003-001_24463,2.0,0.9645915639960898
003-001_24503,0.0,1.0
003-001_24503,0.5,0.9403198724087809
003-001_24503,1.0,0.9589025814978962
003-001_24503,1.5,0.9144535194289698
003-001_24503,2.0,0.8438557006333866
003-001_24955,0.0,1.0
003-001_24955,0.5,0.9910757607355773
003-001_24955,1.0,0.9821700491759449
003-001_24955,1.5,0.9685356739230842
003-001_24955,2.0,0.9471985607357704
003-001_25057,0.0,1.0
003-001_25057,0.5,0.9710578684511317
003-001_25057,1.0,0.9229442808486553
003-001_25057,1.5,0.9282709953974163
003-001_25057,2.0,0.9334680656652946
003-001_25172,0.0,1.0
003-001_25172,0.5,0.9905492672110967
003-001_25172,1.0,0.9761622378381456
003-001_25172,1.5,0.9507536776943616
003-001_25172,2.0,0.9156838018956966
003-001_25202,0.0,1.0
003-001_25202,0.5,0.930209294501247
003-001_25202,1.0,0.8873207794638959
003-001_25202,1.5,0.8611317323171089
003-001_25202,2.0,0.8385291988081451
003-001_25231,0.0,1.0
003-001_25231,0.5,0.9683198599440241
003-001_25231,1.0,0.9662503222008627
003-001_25231,1.5,0.9726574713126078
003-001_25231,2.0,0.9720140761568147
003-001_25447,0.0,1.0
003-001_25447,0.5,0.9932783699085541
003-001_25447,1.0,0.9845035948442601
003-001_25447,1.5,0.9650652375684384
003-001_25447,2.0,0.9337768529362076
003-001_25723,0.0,1.0
003-001_25723,0.5,0.9889250873290262
003-001_25723,1.0,0.9797127930178989
003-001_25723,1.5,0.9757245167847698
003-001_25723,2.0,0.9699409641636475
003-001_25760,0.0,1.0
003-001_25760,0.5,0.940988311029133
003-001_25760,1.0,0.9385346702278569
003-001_25760,1.5,0.9242191360801308
003-001_25760,2.0,0.9084678573040216
003-001_25774,0.0,1.0
003-001_25774,0.5,0.9937127864155936
003-001_25774,1.0,0.9830586464421075
003-001_25774,1.5,0.972808536304946
003-001_25774,2.0,0.9565641800297527
003-001_26120,0.0,1.0
003-001_26120,0.5,0.9943870435472149
003-001_26120,1.0,0.9882016929989766
003-001_26120,1.5,0.9785141781657206
003-001_26120,2.0,0.9641885779063426
003-001_26257,0.0,1.0
003-001_26257,0.5,0.9820299315573113
003-001_26257,1.0,0.933466237554542
003-001_26257,1.5,0.9087172776742696
003-001_26257,2.0,0.886338965486265
003-001_26270,0.0,1.0
003-001_26270,0.5,0.8934393376746976
003-001_26270,1.0,0.9544293723122684
003-001_26270,1.5,0.9454610048349128
003-001_26270,2.0,0.931653842135751
003-001_26474,0.0,1.0
003-001_26474,0.5,0.969579711400002
003-001_26474,1.0,0.9662036177991352
003-001_26474,1.5,0.9332093979819648
003-001_26474,2.0,0.8793039898232506
003-001_26664,0.0,1.0
003-001_26664,0.5,0.9443735127998214
003-001_26664,1.0,0.9506563793136847
003-001_26664,1.5,0.930741589107439
003-001_26664,2.0,0.905317905216485
003-001_26752,0.0,1.0
003-001_26752,0.5,0.9470229472980274
003-001_26752,1.0,0.9287910205181248
003-001_26752,1.5,0.9274785066999016
003-001_26752,2.0,0.9210011891253866
003-001_26777,0.0,1.0
003-001_26777,0.5,0.9312152690432988
003-001_26777,1.0,0.9250428332322093
003-001_26777,1.5,0.9063842967824637
003-001_26777,2.0,0.8847512793338964
003-001_27116,0.0,1.0
003-001_27116,0.5,0.987304763635972
003-001_27116,1.0,0.9572516709585812
003-001_27116,1.5,0.921065486521982
003-001_27116,2.0,0.8683419020012664
003-001_27177,0.0,1.0
003-001_27177,0.5,0.9190905626302732
003-001_27177,1.0,0.9817067036200745
003-001_27177,1.5,0.9821306983731882
003-001_27177,2.0,0.9811238813764619
003-001_27401,0.0,1.0
003-001_27401,0.5,0.9794361783862499
003-001_27401,1.0,0.9877660028497216
003-001_27401,1.5,0.9826837870841639
003-001_27401,2.0,0.9760511713476692
003-001_27600,0.0,1.0
003-001_27600,0.5,0.9826737566909551
003-001_27600,1.0,0.979008245647724
003-001_27600,1.5,0.9766383997074642
003-001_27600,2.0,0.9743940963694878
003-001_27627,0.0,1.0
003-001_27627,0.5,0.9259016728104962
003-001_27627,1.0,0.9438609759016198
003-001_27627,1.5,0.9372251071644172
003-001_27627,2.0,0.9323384785023522
003-001_27726,0.0,1.0
003-001_27726,0.5,0.9421852827465628
003-001_27726,1.0,0.9805894359905682
003-001_27726,1.5,0.9810637714429707
003-001_27726,2.0,0.9732552664038719
003-001_27866,0.0,1.0
003-001_27866,0.5,0.9902232306484112
003-001_27866,1.0,0.9726668912721617
003-001_27866,1.5,0.9662097285520954
003-001_27866,2.0,0.9560368869254177
003-001_27895,0.0,1.0
003-001_27895,0.5,0.9893369840250206
003-001_27895,1.0,0.9693975288315761
003-001_27895,1.5,0.9359349809036778
003-001_27895,2.0,0.8840535091465114
003-001_28058,0.0,1.0
003-001_28058,0.5,0.9463252209476087
003-001_28058,1.0,0.8395128030967461
003-001_28058,1.5,0.7817196398393128
003-001_28058,2.0,0.738324985771295
003-001_28142,0.0,1.0
003-001_28142,0.5,0.9768459573696058
003-001_28142,1.0,0.9911886671097099
003-001_28142,1.5,0.9888609708931965
003-001_28142,2.0,0.9854599795684247
003-001_28155,0.0,1.0
003-001_28155,0.5,0.9874667442890422
003-001_28155,1.0,0.9657671139804449
003-001_28155,1.5,0.9752873719832208
003-001_28155,2.0,0.9811560067815971
003-001_28225,0.0,1.0
003-001_28225,0.5,0.9867004711756205
003-001_28225,1.0,0.9725089106589038
003-001_28225,1.5,0.9705977707025876
003-001_28225,2.0,0.9589700342805859
003-001_28832,0.0,1.0
003-001_28832,0.5,0.9498314325992184
003-001_28832,1.0,0.9635576996223678
003-001_28832,1.5,0.934648583524247
003-001_28832,2.0,0.8958885485843385
003-001_28949,0.0,1.0
003-001_28949,0.5,0.994100071857992
003-001_28949,1.0,0.8724351099848772
003-001_28949,1.5,0.802380120318947
003-001_28949,2.0,0.7719397747562728
003-001_28971,0.0,1.0
003-001_28971,0.5,0.9326401918690153
003-001_28971,1.0,0.9370939889782832
003-001_28971,1.5,0.9285444355307226
003-001_28971,2.0,0.9189821167517215
003-001_29430,0.0,1.0
003-001_29430,0.5,0.9023198055004632
003-001_29430,1.0,0.9348468527286916
003-001_29430,1.5,0.914673681868206
003-001_29430,2.0,0.8900948816927757
003-001_29851,0.0,1.0
003-001_29851,0.5,0.9377061574732507
003-001_29851,1.0,0.9058130135202925
003-001_29851,1.5,0.8725651066343327
003-001_29851,2.0,0.8352901891477166
003-001_29862,0.0,1.0
003-001_29862,0.5,0.990184431028013
003-001_29862,1.0,0.9810197570259988
003-001_29862,1.5,0.968624324682913
003-001_29862,2.0,0.9532618157617752
003-001_30060,0.0,1.0
003-001_30060,0.5,0.9854753404622006
003-001_30060,1.0,0.9828289465555275
003-001_30060,1.5,0.9726102401303753
003-001_30060,2.0,0.9593873318845915
003-001_30307,0.0,1.0
003-001_30307,0.5,0.9792719005462875
003-001_30307,1.0,0.9679315399638101
003-001_30307,1.5,0.9376933672315958
003-001_30307,2.0,0.8954035568361196
003-001_30507,0.0,1.0
003-001_30507,0.5,0.9721627590868086
003-001_30507,1.0,0.931894654785501
003-001_30507,1.5,0.8752570001505834
003-001_30507,2.0,0.7962184286792156
003-001_30982,0.0,1.0
003-001_30982,0.5,0.9889726472422945
003-001_30982,1.0,0.9503076071992944
003-001_30982,1.5,0.9518574818152358
003-001_30982,2.0,0.9519695353267772
003-001_31020,0.0,1.0
003-001_31020,0.5,0.9363804122903283
003-001_31020,1.0,0.9407375755929328
003-001_31020,1.5,0.9390822640954013
003-001_31020,2.0,0.9334752143134148
003-001_31465,0.0,1.0
003-001_31465,0.5,0.9839426349018492
003-001_31465,1.0,0.9482904194102032
003-001_31465,1.5,0.9036606459242678
003-001_31465,2.0,0.8534424284682548
003-001_31745,0.0,1.0
003-001_31745,0.5,0.9785279982533118
003-001_31745,1.0,0.9044867185627248
003-001_31745,1.5,0.8726449118097107
003-001_31745,2.0,0.8389558907875129
003-001_31820,0.0,1.0
003-001_31820,0.5,0.9792940319982503
003-001_31820,1.0,0.9848293023470579
003-001_31820,1.5,0.9863732836866731
003-001_31820,2.0,0.9879815821868032
003-001_31918,0.0,1.0
003-001_31918,0.5,0.9851427413527698
003-001_31918,1.0,0.9569763521742682
003-001_31918,1.5,0.9193423155991056
003-001_31918,2.0,0.8743378616672842
003-001_32003,0.0,1.0
003-001_32003,0.5,0.9899051547989093
003-001_32003,1.0,0.966736000269761
003-001_32003,1.5,0.9425517097393463
003-001_32003,2.0,0.9108861793403801
003-001_32710,0.0,1.0
003-001_32710,0.5,0.9913335380046207
003-001_32710,1.0,0.9620043646249167
003-001_32710,1.5,0.9629699039267887
003-001_32710,2.0,0.9610685064545487
003-001_32853,0.0,1.0
003-001_32853,0.5,0.9496595555458263
003-001_32853,1.0,0.968379547336894
003-001_32853,1.5,0.9634960771474386
003-001_32853,2.0,0.9554389372063966
003-001_32856,0.0,1.0
003-001_32856,0.5,0.9900320723553002
003-001_32856,1.0,0.9618278446263073
003-001_32856,1.5,0.9410171239320998
003-001_32856,2.0,0.9136780892925775
003-001_32869,0.0,1.0
003-001_32869,0.5,0.9809340962581605
003-001_32869,1.0,0.9731372910019175
003-001_32869,1.5,0.976513310685063
003-001_32869,2.0,0.978308691155071
003-001_33161,0.0,1.0
003-001_33161,0.5,0.9729144524492449
003-001_33161,1.0,0.9064371889120343
003-001_33161,1.5,0.8892051852778422
003-001_33161,2.0,0.8726019721761871
003-001_33178,0.0,1.0
003-001_33178,0.5,0.9351981919658211
003-001_33178,1.0,0.9642902691385675
003-001_33178,1.5,0.9623415031686031
003-001_33178,2.0,0.9573674152995981
003-001_33271,0.0,1.0
003-001_33271,0.5,0.9819667964373086
003-001_33271,1.0,0.957477996834644
003-001_33271,1.5,0.9251112702833022
003-001_33271,2.0,0.8898266542698343
003-001_33382,0.0,1.0
003-001_33382,0.5,0.984704080559467
003-001_33382,1.0,0.9911785564001846
003-001_33382,1.5,0.9877205497749894
003-001_33382,2.0,0.9790662997065306
003-001_33412,0.0,1.0
003-001_33412,0.5,0.9774715629342511
003-001_33412,1.0,0.9619331202821542
003-001_33412,1.5,0.9343085491856311
003-001_33412,2.0,0.8946510446413738
003-001_33776,0.0,1.0
003-001_33776,0.5,0.9144361425702539
003-001_33776,1.0,0.9360885664131254
003-001_33776,1.5,0.9243059444464043
003-001_33776,2.0,0.9108379808234359
003-001_33883,0.0,1.0
003-001_33883,0.5,0.9377169399630967
003-001_33883,1.0,0.9752300079222028
003-001_33883,1.5,0.9589540607328138
003-001_33883,2.0,0.9244103060689977
003-001_33992,0.0,1.0
003-001_33992,0.5,0.9783998981616635
003-001_33992,1.0,0.9726506231444562
003-001_33992,1.5,0.960721133673711
003-001_33992,2.0,0.943713283799093
003-001_34322,0.0,1.0
003-001_34322,0.5,0.9382835426991597
003-001_34322,1.0,0.96368902081545
003-001_34322,1.5,0.9592019624294703
003-001_34322,2.0,0.9544714174152381
003-001_34337,0.0,1.0
003-001_34337,0.5,0.9732332251788658
003-001_34337,1.0,0.9385267408714605
003-001_34337,1.5,0.8913173350353006
003-001_34337,2.0,0.8242847498141875
003-001_34428,0.0,1.0
003-001_34428,0.5,0.9528327952939304
003-001_34428,1.0,0.9123796886796389
003-001_34428,1.5,0.8976380505383386
003-001_34428,2.0,0.8768064013457206
004-003_11217,0.0,1.0
004-003_11217,0.5,0.8758053980650568
004-003_11217,1.0,0.8136311904012637
004-003_11217,1.5,0.7297003391612857
004-003_11217,2.0,0.6790078751241888
004-003_11429,0.0,1.0
004-003_11429,0.5,0.8416867830554329
004-003_11429,1.0,0.8260853987940087
004-003_11429,1.5,0.8270220022661651
004-003_11429,2.0,0.8104809573633691
004-003_11739,0.0,1.0
004-003_11739,0.5,0.6913582395641767
004-003_11739,1.0,0.7802760739450276
004-003_11739,1.5,0.7477410379361829
004-003_11739,2.0,0.7152923238132317
004-003_11862,0.0,1.0
004-003_11862,0.5,0.9146937206900043
004-003_11862,1.0,0.77547904194531
004-003_11862,1.5,0.7707611579375651
004-003_11862,2.0,0.7625702977462239
004-003_12219,0.0,1.0
004-003_12219,0.5,0.8443942067893467
004-003_12219,1.0,0.8959908115319242
004-003_12219,1.5,0.8910658351333246
004-003_12219,2.0,0.881274868998635
004-003_12230,0.0,1.0
004-003_12230,0.5,0.7662681229742082
004-003_12230,1.0,0.9230711044717179
004-003_12230,1.5,0.9314437492858046
004-003_12230,2.0,0.9347760673591178
004-003_12330,0.0,1.0
004-003_12330,0.5,0.7849452395511557
004-003_12330,1.0,0.9189530794038621
004-003_12330,1.5,0.9067398504476174
004-003_12330,2.0,0.8817198423792614
004-003_12407,0.0,1.0
004-003_12407,0.5,0.876001581368702
004-003_12407,1.0,0.8537733017745041
004-003_12407,1.5,0.8410517100776892
004-003_12407,2.0,0.8159125078338608
004-003_12517,0.0,1.0
004-003_12517,0.5,0.9233601078443723
004-003_12517,1.0,0.7425243524839666
004-003_12517,1.5,0.7066138762795988
004-003_12517,2.0,0.6732853969999814
004-003_12670,0.0,1.0
004-003_12670,0.5,0.868398608113615
004-003_12670,1.0,0.9608289465183143
004-003_12670,1.5,0.9517852614488055
004-003_12670,2.0,0.9344602439863664
004-003_12693,0.0,1.0
004-003_12693,0.5,0.7895667628246271
004-003_12693,1.0,0.9156825611666506
004-003_12693,1.5,0.9034859040687071
004-003_12693,2.0,0.872659091932816
004-003_12700,0.0,1.0
004-003_12700,0.5,0.8882420481663451
004-003_12700,1.0,0.9569997457127746
004-003_12700,1.5,0.9493698344257019
004-003_12700,2.0,0.9382850323510794
004-003_12727,0.0,1.0
004-003_12727,0.5,0.9858282399782299
004-003_12727,1.0,0.9718147657566026
004-003_12727,1.5,0.9429797607647272
004-003_12727,2.0,0.8895500067554626
004-003_12752,0.0,1.0
004-003_12752,0.5,0.7160222834523484
004-003_12752,1.0,0.677950169030521
004-003_12752,1.5,0.6563673193860821
004-003_12752,2.0,0.627328184932651
004-003_12817,0.0,1.0
004-003_12817,0.5,0.9671951204188867
004-003_12817,1.0,0.6612637834932468
004-003_12817,1.5,0.6607508320083031
004-003_12817,2.0,0.6353455325432612
004-003_12848,0.0,1.0
004-003_12848,0.5,0.8287130090271618
004-003_12848,1.0,0.8014533361358355
004-003_12848,1.5,0.8085160806324908
004-003_12848,2.0,0.8113751176054361
004-003_12985,0.0,1.0
004-003_12985,0.5,0.9009741704050217
004-003_12985,1.0,0.9269485392827584
004-003_12985,1.5,0.8813520331351703
004-003_12985,2.0,0.8177896392320104
004-003_13243,0.0,1.0
004-003_13243,0.5,0.9628935135786093
004-003_13243,1.0,0.91368768553294
004-003_13243,1.5,0.8725357718974165
004-003_13243,2.0,0.8146087404439836
004-003_13332,0.0,1.0
004-003_13332,0.5,0.8644777030555684
004-003_13332,1.0,0.9253269179126925
004-003_13332,1.5,0.9172255887278548
004-003_13332,2.0,0.902364080821427
004-003_13480,0.0,1.0
004-003_13480,0.5,0.9728186886350257
004-003_13480,1.0,0.7377667113390065
004-003_13480,1.5,0.7581711231282038
004-003_13480,2.0,0.7635356054224166
004-003_13488,0.0,1.0
004-003_13488,0.5,0.8105193099464374
004-003_13488,1.0,0.8267168619147649
004-003_13488,1.5,0.8312603623223405
004-003_13488,2.0,0.8168467411653845
004-003_13533,0.0,1.0
004-003_13533,0.5,0.9749048506346527
004-003_13533,1.0,0.757000893450863
004-003_13533,1.5,0.7533698984006215
004-003_13533,2.0,0.7453446493928698
004-003_13606,0.0,1.0
004-003_13606,0.5,0.9055231278990471
004-003_13606,1.0,0.8998931229752357
004-003_13606,1.5,0.8938847482360912
004-003_13606,2.0,0.8806246869183268
004-003_13649,0.0,1.0
004-003_13649,0.5,0.821510739565377
004-003_13649,1.0,0.8260860284012238
004-003_13649,1.5,0.8343704254043929
004-003_13649,2.0,0.844064836851622
004-003_14211,0.0,1.0
004-003_14211,0.5,0.9668296047406347
004-003_14211,1.0,0.8962355153140142
004-003_14211,1.5,0.8652815933743782
004-003_14211,2.0,0.8315388563662149
004-003_14258,0.0,1.0
004-003_14258,0.5,0.769138175096099
004-003_14258,1.0,0.774268361198638
004-003_14258,1.5,0.7692691648303491
004-003_14258,2.0,0.7637418555675319
004-003_14301,0.0,1.0
004-003_14301,0.5,0.9337535831109576
004-003_14301,1.0,0.7949076915198333
004-003_14301,1.5,0.7745854910995197
004-003_14301,2.0,0.7658122208432087
004-003_14329,0.0,1.0
004-003_14329,0.5,0.9319399303389061
004-003_14329,1.0,0.9342875457159446
004-003_14329,1.5,0.9305900659476947
004-003_14329,2.0,0.925057754142111
004-003_14528,0.0,1.0
004-003_14528,0.5,0.8555996810855886
004-003_14528,1.0,0.9016939841527161
004-003_14528,1.5,0.9085323501392661
004-003_14528,2.0,0.90213038987312
004-003_14549,0.0,1.0
004-003_14549,0.5,0.9454413183762136
004-003_14549,1.0,0.9027846002153918
004-003_14549,1.5,0.8665574348579369
004-003_14549,2.0,0.8228281612856116
004-003_14777,0.0,1.0
004-003_14777,0.5,0.9823436255782336
004-003_14777,1.0,0.9375972108154528
004-003_14777,1.5,0.9046164237462567
004-003_14777,2.0,0.8669784045703881
004-003_14831,0.0,1.0
004-003_14831,0.5,0.9596003756263456
004-003_14831,1.0,0.8917784099892244
004-003_14831,1.5,0.9056628494259802
004-003_14831,2.0,0.9141320195520253
004-003_15108,0.0,1.0
004-003_15108,0.5,0.8676425085202537
004-003_15108,1.0,0.8002926878331421
004-003_15108,1.5,0.8100384006447039
004-003_15108,2.0,0.8132611836729492
004-003_15165,0.0,1.0
004-003_15165,0.5,0.9677736638639455
004-003_15165,1.0,0.9175251484659502
004-003_15165,1.5,0.893493229864371
004-003_15165,2.0,0.8657748983439308
004-003_15195,0.0,1.0
004-003_15195,0.5,0.7788659443321985
004-003_15195,1.0,0.9145989060186666
004-003_15195,1.5,0.9040532887715932
004-003_15195,2.0,0.8790451735243094
004-003_15303,0.0,1.0
004-003_15303,0.5,0.8546471552238609
004-003_15303,1.0,0.7935571924643688
004-003_15303,1.5,0.8014733665874013
004-003_15303,2.0,0.8068522755216161
004-003_15441,0.0,1.0
004-003_15441,0.5,0.894611884940412
004-003_15441,1.0,0.8276213355659701
004-003_15441,1.5,0.8225270361078345
004-003_15441,2.0,0.8153250618315009
004-003_15459,0.0,1.0
004-003_15459,0.5,0.8715569810513705
004-003_15459,1.0,0.5273060480660141
004-003_15459,1.5,0.5365312163902201
004-003_15459,2.0,0.5467126848375731
004-003_15466,0.0,1.0
004-003_15466,0.5,0.8088221983689028
004-003_15466,1.0,0.717657014887156
004-003_15466,1.5,0.6941664050165224
004-003_15466,2.0,0.6599405198381024
004-003_15816,0.0,1.0
004-003_15816,0.5,0.9939295769622458
004-003_15816,1.0,0.989525125075725
004-003_15816,1.5,0.9820201494613743
004-003_15816,2.0,0.97095269557569
004-003_15911,0.0,1.0
004-003_15911,0.5,0.6198488457483641
004-003_15911,1.0,0.8204433008990609
004-003_15911,1.5,0.775027476778438
004-003_15911,2.0,0.7487388948687211
004-003_15955,0.0,1.0
004-003_15955,0.5,0.7776472484124853
004-003_15955,1.0,0.7581754266338872
004-003_15955,1.5,0.764671325240363
004-003_15955,2.0,0.7667224782714102
004-003_15968,0.0,1.0
004-003_15968,0.5,0.688503477604042
004-003_15968,1.0,0.5910489482841237
004-003_15968,1.5,0.6404757635630587
004-003_15968,2.0,0.676761578782208
004-003_16137,0.0,1.0
004-003_16137,0.5,0.8659050601646336
004-003_16137,1.0,0.49049089041110366
004-003_16137,1.5,0.49671982938901427
004-003_16137,2.0,0.5054019791740397
004-003_16168,0.0,1.0
004-003_16168,0.5,0.6894979435251742
004-003_16168,1.0,0.7913555538369957
004-003_16168,1.5,0.760501792501999
004-003_16168,2.0,0.7275065222579387
004-003_16280,0.0,1.0
004-003_16280,0.5,0.9239454785545868
004-003_16280,1.0,0.7038454716286447
004-003_16280,1.5,0.6794608203471876
004-003_16280,2.0,0.6510630200090205
004-003_16379,0.0,1.0
004-003_16379,0.5,0.9934298380828268
004-003_16379,1.0,0.9831260891604295
004-003_16379,1.5,0.9658435446005095
004-003_16379,2.0,0.9419710345866638
004-003_16393,0.0,1.0
004-003_16393,0.5,0.9476773359647717
004-003_16393,1.0,0.8273560638587696
004-003_16393,1.5,0.7961173519308785
004-003_16393,2.0,0.7546307672358932
004-003_16442,0.0,1.0
004-003_16442,0.5,0.9502436214691229
004-003_16442,1.0,0.9187116820999301
004-003_16442,1.5,0.9081363948087053
004-003_16442,2.0,0.8966252823899975
004-003_16527,0.0,1.0
004-003_16527,0.5,0.9053533145647505
004-003_16527,1.0,0.9062103523866981
004-003_16527,1.5,0.8936808075065785
004-003_16527,2.0,0.8773724244171993
004-003_16608,0.0,1.0
004-003_16608,0.5,0.9317878461842919
004-003_16608,1.0,0.7893397490518896
004-003_16608,1.5,0.7712307003636325
004-003_16608,2.0,0.7537819133946076
004-003_16650,0.0,1.0
004-003_16650,0.5,0.9695821945544553
004-003_16650,1.0,0.7757023337228589
004-003_16650,1.5,0.7622829804099255
004-003_16650,2.0,0.7464733613515789
004-003_16657,0.0,1.0
004-003_16657,0.5,0.9605830083013894
004-003_16657,1.0,0.9891467808916293
004-003_16657,1.5,0.9915608227692184
004-003_16657,2.0,0.9918648316724707
004-003_16995,0.0,1.0
004-003_16995,0.5,0.9574972016856057
004-003_16995,1.0,0.8339915662125534
004-003_16995,1.5,0.8256772328313553
004-003_16995,2.0,0.8174295274213065
004-003_17065,0.0,1.0
004-003_17065,0.5,0.8803019458277987
004-003_17065,1.0,0.7758231795378748
004-003_17065,1.5,0.747370744512662
004-003_17065,2.0,0.7285656704418273
004-003_17505,0.0,1.0
004-003_17505,0.5,0.8157295537919764
004-003_17505,1.0,0.8396213990795421
004-003_17505,1.5,0.850407712193165
004-003_17505,2.0,0.8569235212312435
004-003_17510,0.0,1.0
004-003_17510,0.5,0.7364599448962066
004-003_17510,1.0,0.6326104195307893
004-003_17510,1.5,0.6032895342214768
004-003_17510,2.0,0.5929376479476236
004-003_17733,0.0,1.0
004-003_17733,0.5,0.9143746636777456
004-003_17733,1.0,0.8459352836478036
004-003_17733,1.5,0.8408978854399719
004-003_17733,2.0,0.8343072054006925
004-003_17833,0.0,1.0
004-003_17833,0.5,0.861965112882084
004-003_17833,1.0,0.9287136637228391
004-003_17833,1.5,0.90760402635768
004-003_17833,2.0,0.8817864384711744
004-003_18089,0.0,1.0
004-003_18089,0.5,0.9688091493823175
004-003_18089,1.0,0.9114638240457358
004-003_18089,1.5,0.905938827073471
004-003_18089,2.0,0.8994322541425394
004-003_18312,0.0,1.0
004-003_18312,0.5,0.9094188578690038
004-003_18312,1.0,0.8063208935149662
004-003_18312,1.5,0.7688556738799559
004-003_18312,2.0,0.7265487019953957
004-003_18452,0.0,1.0
004-003_18452,0.5,0.9590074256485897
004-003_18452,1.0,0.8315421928465498
004-003_18452,1.5,0.8349568354360551
004-003_18452,2.0,0.8371191586861239
004-003_18489,0.0,1.0
004-003_18489,0.5,0.9115475313318679
004-003_18489,1.0,0.579001624109906
004-003_18489,1.5,0.5729801550788729
004-003_18489,2.0,0.5677916550755763
004-003_18538,0.0,1.0
004-003_18538,0.5,0.6664829710832393
004-003_18538,1.0,0.5769224303950902
004-003_18538,1.5,0.5428854078160921
004-003_18538,2.0,0.5099877384465523
004-003_18934,0.0,1.0
004-003_18934,0.5,0.8662800207965271
004-003_18934,1.0,0.7847040499006711
004-003_18934,1.5,0.7854234101822665
004-003_18934,2.0,0.7839326555443211
004-003_19006,0.0,1.0
004-003_19006,0.5,0.812253783675762
004-003_19006,1.0,0.9551797906881568
004-003_19006,1.5,0.9604860268333444
004-003_19006,2.0,0.9630506608652093
004-003_19007,0.0,1.0
004-003_19007,0.5,0.7815061949970638
004-003_19007,1.0,0.7039853894055534
004-003_19007,1.5,0.6784510117523718
004-003_19007,2.0,0.6813949901525657
004-003_19014,0.0,1.0
004-003_19014,0.5,0.8005962354105104
004-003_19014,1.0,0.509790501840533
004-003_19014,1.5,0.47105322795783966
004-003_19014,2.0,0.4430267148814246
004-003_19160,0.0,1.0
004-003_19160,0.5,0.6323425518333323
004-003_19160,1.0,0.7475739628079888
004-003_19160,1.5,0.7000633950973846
004-003_19160,2.0,0.6719637170088526
004-003_19215,0.0,1.0
004-003_19215,0.5,0.8474845549754709
004-003_19215,1.0,0.8654693126935987
004-003_19215,1.5,0.8621658743533278
004-003_19215,2.0,0.8576516288723677
004-003_19285,0.0,1.0
004-003_19285,0.5,0.8911586680505841
004-003_19285,1.0,0.6987506923208524
004-003_19285,1.5,0.6628709905804612
004-003_19285,2.0,0.6227134503838115
004-003_19467,0.0,1.0
004-003_19467,0.5,0.9014064613389354
004-003_19467,1.0,0.7327259080125526
004-003_19467,1.5,0.7675293840137356
004-003_19467,2.0,0.796068717454752
004-003_19521,0.0,1.0
004-003_19521,0.5,0.766867722925342
004-003_19521,1.0,0.711551711386494
004-003_19521,1.5,0.7173327327437319
004-003_19521,2.0,0.7164616605749334
004-003_19575,0.0,1.0
004-003_19575,0.5,0.8285951071804244
004-003_19575,1.0,0.8447954634096787
004-003_19575,1.5,0.8778407083053715
004-003_19575,2.0,0.9068868141038668
004-003_19740,0.0,1.0
004-003_19740,0.5,0.7545735660049423
004-003_19740,1.0,0.7192025081577451
004-003_19740,1.5,0.7195512246860658
004-003_19740,2.0,0.7215624281526426
004-003_19924,0.0,1.0
004-003_19924,0.5,0.8545643478240347
004-003_19924,1.0,0.8471525416476212
004-003_19924,1.5,0.849405214002691
004-003_19924,2.0,0.8358628510824284
004-003_20051,0.0,1.0
004-003_20051,0.5,0.9606937051379687
004-003_20051,1.0,0.8366898805261573
004-003_20051,1.5,0.8049518278038039
004-003_20051,2.0,0.7666656953801972
004-003_20095,0.0,1.0
004-003_20095,0.5,0.8415381057926288
004-003_20095,1.0,0.6982703240789021
004-003_20095,1.5,0.6673258523863306
004-003_20095,2.0,0.6351495706019762
004-003_20164,0.0,1.0
004-003_20164,0.5,0.8110033985083859
004-003_20164,1.0,0.8490112407457022
004-003_20164,1.5,0.8176531958625729
004-003_20164,2.0,0.7824369608839944
004-003_20168,0.0,1.0
004-003_20168,0.5,0.679207165175762
004-003_20168,1.0,0.8451187345075402
004-003_20168,1.5,0.8447481465763208
004-003_20168,2.0,0.8433607561809018
004-003_20188,0.0,1.0
004-003_20188,0.5,0.880923303394886
004-003_20188,1.0,0.6578298865456469
004-003_20188,1.5,0.6629690698444335
004-003_20188,2.0,0.6642436284915939
004-003_20230,0.0,1.0
004-003_20230,0.5,0.9406701378973261
004-003_20230,1.0,0.7708577169671069
004-003_20230,1.5,0.7613339435272012
004-003_20230,2.0,0.7462980924898346
004-003_20251,0.0,1.0
004-003_20251,0.5,0.9525458985817282
004-003_20251,1.0,0.9066177979136669
004-003_20251,1.5,0.9222540291446729
004-003_20251,2.0,0.9241338538988566
004-003_20370,0.0,1.0
004-003_20370,0.5,0.8622784236514951
004-003_20370,1.0,0.9609543798549155
004-003_20370,1.5,0.9548673244355336
004-003_20370,2.0,0.9452123305868538
004-003_20497,0.0,1.0
004-003_20497,0.5,0.7861195506101533
004-003_20497,1.0,0.7182475429631615
004-003_20497,1.5,0.6938263307209084
004-003_20497,2.0,0.6735946616175369
004-003_20630,0.0,1.0
004-003_20630,0.5,0.7832364682788275
004-003_20630,1.0,0.6857827056675085
004-003_20630,1.5,0.6813868436369331
004-003_20630,2.0,0.6720568469657872
004-003_20757,0.0,1.0
004-003_20757,0.5,0.5519227417223642
004-003_20757,1.0,0.8198075027301286
004-003_20757,1.5,0.7965120270203788
004-003_20757,2.0,0.7786219311540596
004-003_20826,0.0,1.0
004-003_20826,0.5,0.9286890908079299
004-003_20826,1.0,0.9185379303417364
004-003_20826,1.5,0.9055127735728788
004-003_20826,2.0,0.8754038420387614
004-003_20968,0.0,1.0
004-003_20968,0.5,0.8743362383026301
004-003_20968,1.0,0.9421792531490556
004-003_20968,1.5,0.9331770256024049
004-003_20968,2.0,0.9164830941766605
004-003_21060,0.0,1.0
004-003_21060,0.5,0.5879816044178764
004-003_21060,1.0,0.8075066440325821
004-003_21060,1.5,0.804942976051855
004-003_21060,2.0,0.8034723899842029
004-003_21081,0.0,1.0
004-003_21081,0.5,0.7557081692759329
004-003_21081,1.0,0.9088713450072039
004-003_21081,1.5,0.9199149170645484
004-003_21081,2.0,0.9223920873441096
004-003_21207,0.0,1.0
004-003_21207,0.5,0.6789898500386352
004-003_21207,1.0,0.5082727494428446
004-003_21207,1.5,0.4794279200248935
004-003_21207,2.0,0.4500746777855019
004-003_21224,0.0,1.0
004-003_21224,0.5,0.7377588703082523
004-003_21224,1.0,0.731082935171625
004-003_21224,1.5,0.7177658556361526
004-003_21224,2.0,0.7012438860953358
004-003_21238,0.0,1.0
004-003_21238,0.5,0.7194511152441676
004-003_21238,1.0,0.7321658497958946
004-003_21238,1.5,0.7504996822400395
004-003_21238,2.0,0.761893661990526
004-003_21330,0.0,1.0
004-003_21330,0.5,0.7790362557507247
004-003_21330,1.0,0.6306519906308973
004-003_21330,1.5,0.6362454471957709
004-003_21330,2.0,0.6417890493311778
004-003_21443,0.0,1.0
004-003_21443,0.5,0.7848195088018437
004-003_21443,1.0,0.9162724430439592
004-003_21443,1.5,0.9028244765410223
004-003_21443,2.0,0.8861020059002916
004-003_21691,0.0,1.0
004-003_21691,0.5,0.9597907232299652
004-003_21691,1.0,0.8099568268481872
004-003_21691,1.5,0.8043417536621656
004-003_21691,2.0,0.7894533748062359
004-003_21957,0.0,1.0
004-003_21957,0.5,0.9916516086608917
004-003_21957,1.0,0.9826654990476712
004-003_21957,1.5,0.9791339189634387
004-003_21957,2.0,0.974344493605231
004-003_22146,0.0,1.0
004-003_22146,0.5,0.849493984693326
004-003_22146,1.0,0.7829365230010615
004-003_22146,1.5,0.7842289584679578
004-003_22146,2.0,0.7844488945381566
004-003_22319,0.0,1.0
004-003_22319,0.5,0.705316284617413
004-003_22319,1.0,0.8538824383893877
004-003_22319,1.5,0.856373905163023
004-003_22319,2.0,0.8592326935560852
